,ccy,country,bond_ext_name,issue_dt,first_coupon_date,mature_dt,isin,issuer_name,coupon_frq,coupon,tot_issue,cfi_code,issue_rating,bond_duration
0,EUR,Netherlands,Nederland 4.00% 09-2019,2009-02-13,2009-07-15,2019-07-15,NL0009086115,STAAT DER NEDERLANDEN,ANNUAL,4.0,5000.0,DBFTFN,AAA,3804
1,NLG,Austria,Austria 6.25% 94-2024,1994-02-28,1995-02-28,2024-02-28,NL0000133924,AUSTRIA,ANNUAL,6.25,1000.0,DBFTXB,AA+,10957
2,EUR,Netherlands,Nederland 2.50% 12-2033,2012-03-09,2013-01-15,2033-01-15,NL0010071189,STAAT DER NEDERLANDEN,ANNUAL,2.5,4160.0,DBFXXN,AAA,7617
5,USD,United States,US GOVT 6.125% 99-2029,1999-08-15,1999-08-15,2029-08-15,US912810FJ26,UNITED STATES TREASURY,SEMI ANNUAL,6.125,11179.0,DBFTFR,AAA,10958
7,USD,United States,US GOVT 6.250% 00-2030,2000-02-15,2000-05-15,2030-05-15,US912810FM54,UNITED STATES TREASURY,SEMI ANNUAL,6.25,17043.0,DTFTFR,AAA,11047
8,USD,United States,US GOVT 3.125% 11-2021,2011-05-16,2011-11-15,2021-05-15,US912828QN35,UNITED STATES TREASURY,SEMI ANNUAL,3.125,66000.0,DBFTFR,AAA,3652
9,USD,United States,US GOVT 2.250% 14-2021,2014-07-31,2014-07-31,2021-07-31,US912828WY26,UNITED STATES TREASURY,SEMI ANNUAL,2.25,29000.0,DBFTFR,AAA,2557
11,EUR,Netherlands,Nederland 5.50% 98-2028,1998-01-15,1999-01-15,2028-01-15,NL0000102317,STAAT DER NEDERLANDEN,ANNUAL,5.5,8886.814,DBFTFN,AAA,10957
12,EUR,Austria,AUSTRIA 1.75% 13-2023,2013-04-17,2014-10-20,2023-10-20,AT0000A105W3,AUSTRIA,ANNUAL,1.75,3000.0,DBFTFB,AA+,3838
13,EUR,Belgium,BELGIE 0.80% 15-2025,2015-01-14,2015-06-22,2025-06-22,BE0000334434,BELGIE BRU,ANNUAL,0.8,5000.0,DBFTFR,AA-,3812
14,EUR,Germany,DBR 1.50% 13-2023,2013-01-18,2014-02-15,2023-02-15,DE0001102309,Bondsrep ber,ANNUAL,1.5,5000.0,DBFTFB,AAA,3680
15,EUR,Germany,DBR 0.50% 15-2025,2015-01-16,2016-02-15,2025-02-15,DE0001102374,Bondsrep ber,ANNUAL,0.5,5000.0,DBFTFB,AAA,3683
16,EUR,Germany,DBR 5.50% 00-2031,2000-10-27,2002-01-04,2031-01-04,DE0001135176,Bondsrep ber,ANNUAL,5.5,17000.0,DBFTFB,AAA,11026
17,EUR,Germany,DBR 1.5% 12-2022,2012-09-04,2013-09-04,2022-09-04,DE0001135499,Bondsrep ber,ANNUAL,1.5,5000.0,DBFTFB,AAA,3652
18,EUR,Finland,FINLAND 2.75% 12-2028,2012-02-07,2012-07-04,2028-07-04,FI4000037635,REPUBLIC OF FINLAND,ANNUAL,2.75,3000.0,DBFUFB,AA+,5992
19,EUR,Finland,FINLAND 0.75% 15-2031,2015-03-10,2016-04-15,2031-04-15,FI4000148630,REPUBLIC OF FINLAND,ANNUAL,0.75,3000.0,DBFUFB,AA+,5880
20,EUR,France,FRANCE 0.50% 15-2025,2015-02-09,2015-05-25,2025-05-25,FR0012517027,REPUBLIC FRANCE,ANNUAL,0.5,4625.0,DBFTFN,AA,3758
21,EUR,Ireland,Ireland 4.40% 08-2019,2008-04-15,2008-06-18,2019-06-18,IE00B2QTFG59,REPUBLIC IRELAND,ANNUAL,4.4,7000.0,DNFTFR,A,4081
22,EUR,Ireland,Ireland 3.40% 14-2024,2014-01-14,2014-03-18,2024-03-18,IE00B6X95T99,REPUBLIC IRELAND,ANNUAL,3.4,4750.0,DNFTFR,A+,3716
23,EUR,Italy,BTPS 1.05% 14-2019,2014-12-01,2015-06-01,2019-12-01,IT0005069395,ITALIE,SEMI ANNUAL,1.05,15470.97,DBFUFB,BBB+,1826
24,EUR,Italy,BTPS 1.50% 15-2025,2015-03-02,2015-06-01,2025-06-01,IT0005090318,ITALIE,SEMI ANNUAL,1.5,19786.72,DBFUFB,BBB-,3744
25,EUR,Netherlands,Nederland 3.75% 06-2023,2006-02-17,2007-01-15,2023-01-15,NL0000102275,STAAT DER NEDERLANDEN,ANNUAL,3.75,9822.85,DBFTFN,AAA,6176
26,EUR,Netherlands,Nederland 1.75% 13-2023,2013-03-22,2013-07-15,2023-07-15,NL0010418810,STAAT DER NEDERLANDEN,ANNUAL,1.75,6519.963,DBFXXN,AAA,3767
27,EUR,Netherlands,NEDERLAND 2.00% 14-2024,2014-03-28,2014-07-15,2024-07-15,NL0010733424,STAAT DER NEDERLANDEN,ANNUAL,2.0,6600.0,DBFXXN,AAA,3762
28,EUR,Netherlands,NEDERLAND 0.25% 15-2025,2015-03-26,2015-07-15,2025-07-15,NL0011220108,STAAT DER NEDERLANDEN,ANNUAL,0.25,6705.159,DBFXXN,AAA,3764
29,EUR,Netherlands,Nederland 4.00% 05-2037,2005-04-25,2006-01-15,2037-01-15,NL0000102234,STAAT DER NEDERLANDEN,ANNUAL,4.0,9285.427,DBFTFN,AAA,11588
30,EUR,Austria,Austria 3.50% 05-2021,2005-09-15,2006-09-15,2021-09-15,AT0000A001X2,AUSTRIA,ANNUAL,3.5,12030.82,DBFTFB,AA+,5844
31,EUR,Austria,AUSTRIA 3.40% 12-2022,2012-01-26,2012-11-22,2022-11-22,AT0000A0U3T4,AUSTRIA,ANNUAL,3.4,3000.0,DBFTFB,AA+,3953
32,EUR,Austria,AUSTRIA 1.65% 14-2024,2014-06-04,2014-10-21,2024-10-21,AT0000A185T1,AUSTRIA,ANNUAL,1.65,4000.0,DBFTFB,AA+,3792
33,EUR,Austria,AUSTRIA 0.25% 14-2019,2014-10-07,2015-10-18,2019-10-18,AT0000A19XC3,AUSTRIA,ANNUAL,0.25,4000.0,DBFTFB,AA+,1837
34,EUR,Belgium,Belgie 4.00% 09-2019,2009-01-21,2009-03-28,2019-03-28,BE0000315243,BELGIE BRU,ANNUAL,4.0,10212.0,DBFTFR,AA-,3718
35,EUR,Belgium,BELGIE 4.25% 12-2022,2012-01-24,2012-09-28,2022-09-28,BE0000325341,BELGIE BRU,ANNUAL,4.25,11803.0,DBFTFR,AA-,3900
36,EUR,Belgium,BELGIE 4.00% 12-2032,2012-03-21,2013-03-28,2032-03-28,BE0000326356,BELGIE BRU,ANNUAL,4.0,4000.0,DBFTFR,AA-,7312
37,EUR,Belgium,BELGIE 3.00% 12-2019,2012-04-04,2012-09-28,2019-09-28,BE0000327362,BELGIE BRU,ANNUAL,3.0,4000.0,DBFTFR,AA-,2733
38,EUR,Belgium,BELGIE 2.25% 13-2023,2013-01-16,2013-06-22,2023-06-22,BE0000328378,BELGIE BRU,ANNUAL,2.25,4000.0,DBFTFR,AA-,3809
39,EUR,Belgium,BELGIE 2.60% 14-2024,2014-01-21,2014-06-22,2024-06-22,BE0000332412,BELGIE BRU,ANNUAL,2.6,5000.0,DBFTFR,AA-,3805
40,EUR,Germany,DBR 1.50% 14-2024,2014-05-23,2015-05-15,2024-05-15,DE0001102358,Bondsrep ber,ANNUAL,1.5,5000.0,DBFTFB,AAA,3645
41,EUR,Germany,DBR 6.25% 00-2030,2000-01-21,2001-01-04,2030-01-04,DE0001135143,Bondsrep ber,ANNUAL,6.25,9250.0,DBFTFB,AAA,10941
42,EUR,Germany,DBR 3.75% 01-2019,2008-11-14,2010-01-04,2019-01-04,DE0001135374,Bondsrep ber,ANNUAL,3.75,24000.0,DXXXXX,AAA,3703
43,EUR,Germany,DBR 2.50% 10-2021,2010-11-26,2012-01-04,2021-01-04,DE0001135424,Bondsrep ber,ANNUAL,2.5,6000.0,DBFTFB,AAA,3692
44,EUR,Germany,DBR 3.25% 11-2021,2011-04-29,2012-07-04,2021-07-04,DE0001135440,Bondsrep ber,ANNUAL,3.25,11000.0,DBFTFB,AAA,3719
45,EUR,Germany,DBR 2.25% 11-2021,2011-08-26,2012-09-04,2021-09-04,DE0001135457,Bondsrep ber,ANNUAL,2.25,6000.0,DBFTFB,AAA,3662
46,EUR,Germany,DBR 2.00% 11-2022,2011-11-25,2013-01-04,2022-01-04,DE0001135465,Bondsrep ber,ANNUAL,2.0,6000.0,DBFTFB,AAA,3693
47,EUR,Germany,DBR 1.75% 12-2022,2012-04-13,2013-07-04,2022-07-04,DE0001135473,Bondsrep ber,ANNUAL,1.75,5000.0,DBFTFB,AAA,3734
48,EUR,France,"FRANCE 5,75% 00-2032",2000-10-25,2001-10-25,2032-10-25,FR0000187635,REPUBLIC FRANCE,ANNUAL,5.75,20089.3226,DBFTFN,AA,11688
49,EUR,France,FRANCE 3.00% 12-2022,2012-02-07,2012-04-25,2022-04-25,FR0011196856,REPUBLIC FRANCE,ANNUAL,3.0,13932.0,DBFTFN,AA,3730
50,EUR,France,FRANCE 2.25% 11-2022,2011-10-25,2012-10-25,2022-10-25,FR0011337880,REPUBLIC FRANCE,ANNUAL,2.25,4805.0,DBFTFN,AA,4018
51,EUR,France,FRANCE 1.75% 12-2023,2013-05-07,2013-05-25,2023-05-25,FR0011486067,REPUBLIC FRANCE,ANNUAL,1.75,4015.0,DBFTFN,AA,3670
52,EUR,France,IDF 2.375% 14-2026,2014-04-24,2015-04-24,2026-04-24,FR0011858323,ILE DE FRANCE,ANNUAL,2.375,600.0,DTFTFB,AA,4383
53,EUR,France,FRANCE 1.75% 14-2024,2014-06-10,2014-11-25,2024-11-25,FR0011962398,REPUBLIC FRANCE,ANNUAL,1.75,10014.0,DBFTFN,AA,3821
54,EUR,Netherlands,Nederland 3.75% 10-2042,2010-05-21,2011-01-15,2042-01-15,NL0009446418,STAAT DER NEDERLANDEN,ANNUAL,3.75,5200.0,DBFXXN,AAA,11562
55,EUR,Netherlands,Nederland 3.25% 11-2021,2011-03-04,2011-07-15,2021-07-15,NL0009712470,STAAT DER NEDERLANDEN,ANNUAL,3.25,6000.0,DBFXXN,AAA,3786
56,EUR,Netherlands,Nederland 2.25% 12-2022,2012-02-10,2012-07-15,2022-07-15,NL0010060257,STAAT DER NEDERLANDEN,ANNUAL,2.25,6025.147,DBFXXN,AAA,3808
57,EUR,Netherlands,Nederland 1.25% 13-2019,2013-06-28,2014-01-15,2019-01-15,NL0010514246,STAAT DER NEDERLANDEN,ANNUAL,1.25,6109.224,DBFXXN,AAA,2027
58,EUR,Netherlands,NEDERLAND 2.75% 14-2047,2014-02-21,2015-01-15,2047-01-15,NL0010721999,STAAT DER NEDERLANDEN,ANNUAL,2.75,3725.187,DBFXXN,AAA,12016
59,EUR,Sweden,SWEDEN 0.75% 14-2019,2014-05-02,2014-05-02,2019-05-02,XS1062909384,SWEDEN,ANNUAL,0.75,2250.0,DTFNFR,AAA,1826
60,EUR,Germany,DBR 1.00% 14-2024,2014-09-12,2015-08-15,2024-08-15,DE0001102366,Bondsrep ber,ANNUAL,1.0,5000.0,DBFTFB,AAA,3625
61,EUR,Netherlands,NEDERLAND 0.25% 14-2020,2014-09-29,2015-01-15,2020-01-15,NL0010881827,STAAT DER NEDERLANDEN,ANNUAL,0.25,5089.184,DBFXXN,AAA,1934
62,EUR,France,FRANCE 1.00% 15-2025,2015-09-07,2015-11-25,2025-11-25,FR0012938116,REPUBLIC FRANCE,ANNUAL,1.0,6633.0,DBFTFN,AA,3732
63,EUR,France,IDF 3.625% 12-2024,2012-03-27,2013-03-27,2024-03-27,FR0011225325,ILE DE FRANCE,ANNUAL,3.625,350.0,DTFTFB,AA,4383
64,EUR,Spain,Spain 4.65% 10-2025,2010-02-24,2010-07-30,2025-07-30,ES00000122E5,SPAIN,ANNUAL,4.65,20010.655,DBFTFB,BBB+,5635
65,EUR,Luxembourg,ESM 0.10% 15-2020,2015-11-03,2016-11-03,2020-11-03,EU000A1U9910,EUROPEAN STABILITY MECHANISM,ANNUAL,0.1,4000.0,DXXXXX,AA+,1827
66,EUR,Germany,DBR 0.25% 15 - 2020,2015-07-03,2016-10-16,2020-10-16,DE0001141729,Bondsrep ber,ANNUAL,0.25,16000.0,DBFTFB,AAA,1932
67,EUR,Germany,DBR 1.00% 15-2025,2015-07-17,2016-08-15,2025-08-15,DE0001102382,Bondsrep ber,ANNUAL,1.0,20000.0,DBFTFB,AAA,3682
68,EUR,Austria,AUSTRIA 1.20% 15-2025,2015-06-23,2016-10-20,2025-10-20,AT0000A1FAP5,AUSTRIA,ANNUAL,1.2,7715.434,DBFTFB,AA+,3772
69,EUR,Ireland,Ireland 5.40% 09-2025,2009-10-13,2010-03-13,2025-03-13,IE00B4TV0D44,REPUBLIC IRELAND,ANNUAL,5.4,7000.0,DNFTFR,A+,5630
70,EUR,Germany,DBR 0.50% 16 - 2026,2016-01-15,2017-02-15,2026-02-15,DE0001102390,Bondsrep ber,ANNUAL,0.5,5000.0,DBFTFB,AAA,3684
71,EUR,Belgium,BELGIUM 1.00% 16-2026,2016-01-20,2016-06-22,2026-06-22,BE0000337460,BELGIE BRU,ANNUAL,1.0,5000.0,DBFTFR,AA-,3806
72,EUR,Ireland,IRELAND 1.00% 16-2026,2016-01-14,2016-05-15,2026-05-15,IE00BV8C9418,REPUBLIC IRELAND,ANNUAL,1.0,3000.0,DNVTFR,A+,3774
73,EUR,Austria,AUSTRIA 0.75% 16-2026,2016-02-23,2016-10-20,2026-10-20,AT0000A1K9C8,AUSTRIA,ANNUAL,0.75,3500.0,DBFTFB,AA+,3892
74,EUR,Luxembourg,ESM 0.50% 16-2026,2016-03-02,2017-03-02,2026-03-02,EU000A1U9944,EUROPEAN STABILITY MECHANISM,ANNUAL,0.5,3000.0,DTFCFB,AAA,3652
75,EUR,France,FRANCE 0.50% 16 - 2026,2016-03-07,2016-05-25,2026-05-25,FR0013131877,REPUBLIC FRANCE,ANNUAL,0.5,5100.0,DBFTFN,AA,3731
76,EUR,Netherlands,NEDERLAND 0.50% 16-2026,2016-03-24,2016-07-15,2026-07-15,NL0011819040,STAAT DER NEDERLANDEN,ANNUAL,0.5,5720.051,DBFXFN,AAA,3765
77,EUR,Luxembourg,ESM 0.125% 16-2024,2016-04-22,2017-04-22,2024-04-22,EU000A1U9951,EUROPEAN STABILITY MECHANISM,ANNUAL,0.125,3000.0,DTFCFB,AAA,2922
78,EUR,France,FRANCE 3.25% 12-2045,2012-05-25,2013-05-25,2045-05-25,FR0011461037,REPUBLIC FRANCE,ANNUAL,3.25,17707.0,DBFTFN,AA,12053
79,EUR,Belgium,BELGIUM 0.20% 16-2023,2016-05-06,2016-10-22,2023-10-22,BE0000339482,BELGIE BRU,ANNUAL,0.2,3000.0,DBFTFR,AA-,2725
80,EUR,Luxembourg,EFSF 0.40% 16-2026,2016-05-31,2016-05-31,2026-05-31,EU000A1G0DH5,EFSF,ANNUAL,0.4,3000.0,DTFTFB,AA,3652
81,EUR,France,FRANCE 0.50% 13-2019,2013-11-25,2014-11-25,2019-11-25,FR0011993179,REPUBLIC FRANCE,ANNUAL,0.5,13381.0,DXXXXX,AA,2191
82,EUR,France,IDF 0.50% 16-2025,2016-06-14,2017-06-14,2025-06-14,FR0013183167,ILE DE FRANCE,ANNUAL,0.5,650.0,DTFUFB,AA,3287
83,EUR,Netherlands,NEDERLAND 0.00% 16-2022,2016-06-09,2017-01-15,2022-01-15,NL0011896857,STAAT DER NEDERLANDEN,ANNUAL,0.0,4812.112,DBZTFR,AAA,2046
84,EUR,Italy,BTPS 1.60% 16-2026,2016-03-01,2016-06-01,2026-06-01,IT0005170839,ITALIE,SEMI ANNUAL,1.6,16249.5,DBFUFB,BBB-,3744
85,EUR,Germany,DBR 0.00% 16-2026,2016-07-15,2017-08-15,2026-08-15,DE0001102408,Bondsrep ber,ANNUAL,0.0,5000.0,DBFTFB,AAA,3683
86,EUR,Finland,FINLAND 0.00% 16-2023,2016-09-07,2016-09-15,2023-09-15,FI4000219787,REPUBLIC OF FINLAND,ANNUAL,0.0,3000.0,DBZUFB,AA+,2564
87,EUR,France,FRANCE 0.25% 16-2026,2016-09-05,2016-11-25,2026-11-25,FR0013200813,REPUBLIC FRANCE,ANNUAL,0.25,5265.0,DBFTFN,AA,3733
88,EUR,France,FRANCE 0% 1992 - 2022,1992-05-11,1992-05-11,2022-04-25,FR0000571010,REPUBLIC FRANCE,ANNUAL,0.0,0.0,DBZTFN,AA,10941
89,EUR,Luxembourg,LUXEMBOURG 3.375% 10-2020,2010-05-18,2011-05-18,2020-05-18,XS0506445963,LUXEMBOURG,ANNUAL,3.375,2000.0,DBFUFB,AAA,3653
90,EUR,Germany,DBR 0.25% 17-2027,2017-01-13,2018-02-15,2027-02-15,DE0001102416,Bondsrep ber,ANNUAL,0.25,5000.0,DBFTFB,AAA,3685
91,EUR,Belgium,BELGIUM 0.80% 17-2027,2017-01-24,2017-06-22,2027-06-22,BE0000341504,BELGIE BRU,ANNUAL,0.8,6000.0,DBFTFR,AA-,3801
92,EUR,France,FRANCE 1.75% 17-2039,2017-01-31,2017-06-25,2039-06-25,FR0013234333,REPUBLIC FRANCE,ANNUAL,1.75,7000.0,DBFTFN,AA,8180
93,EUR,Luxembourg,LUXEMBOURG 0.625% 17-2027,2017-02-01,2018-02-01,2027-02-01,LU1556942974,LUXEMBOURG,ANNUAL,0.625,2000.0,DBFUFB,AAA,3652
94,EUR,Netherlands,NEDERLAND 0.75% 17-2027,2017-02-09,2017-07-15,2027-07-15,NL0012171458,STAAT DER NEDERLANDEN,ANNUAL,0.75,5697.926,DBFXFN,AAA,3808
95,EUR,Belgium,BELGIUM 0.50% 17-2024,2017-02-14,2017-10-22,2024-10-22,BE0000342510,BELGIE BRU,ANNUAL,0.5,3000.0,DBFTFR,AA-,2807
96,EUR,Germany,NRW 0.50% 17-2027,2017-03-07,2018-02-16,2027-02-16,DE000NRW0KB3,LAND NORDRHEIN-WESTFALEN,ANNUAL,0.5,1825.0,DNFTFB,AA+,3633
97,EUR,Luxembourg,ESM 0.75% 17-2027,2017-03-14,2018-03-15,2027-03-15,EU000A1Z99B9,EUROPEAN STABILITY MECHANISM,ANNUAL,0.75,3000.0,DTFCFB,AAA,3653
98,EUR,Belgium,EU 0.75% 16-2031,2016-04-13,2017-04-04,2031-04-04,EU000A18Z2D4,EUROPEAN UNION,ANNUAL,0.75,2260.0,DNFCFB,AAA,5469
99,EUR,Luxembourg,EFSF 0.375% 17-2024,2017-04-11,2017-10-11,2024-10-11,EU000A1G0DQ6,EFSF,ANNUAL,0.375,4000.0,DTFTFB,AA,2740
100,EUR,France,FRANCE 1.00% 17-2027,2017-04-10,2017-05-25,2027-05-25,FR0013250560,REPUBLIC FRANCE,ANNUAL,1.0,4908.0,DBFTFN,AA,3697
101,EUR,Austria,AUSTRIA 0.50% 17-2027,2017-04-20,2018-04-20,2027-04-20,AT0000A1VGK0,AUSTRIA,ANNUAL,0.5,4500.0,DBFTFB,AA+,3652
102,EUR,Luxembourg,EFSF 0.75% 17-2027,2017-05-03,2017-05-03,2027-05-03,EU000A1G0DR4,EFSF,ANNUAL,0.75,6000.0,DTFTFB,AA,3652
103,EUR,Luxembourg,EFSF 1.25% 17-2033,2017-05-24,2018-05-24,2033-05-24,EU000A1G0DT0,EFSF,ANNUAL,1.25,6000.0,DTFTFB,AA,5844
104,EUR,Finland,FINLAND 0.50% 16-2026,2016-03-08,2017-04-15,2026-04-15,FI4000197959,REPUBLIC OF FINLAND,ANNUAL,0.5,5000.0,DBFUFB,AA+,3690
105,EUR,Luxembourg,EFSF 0.50% 17-2025,2017-07-11,2018-07-11,2025-07-11,EU000A1G0DV6,EFSF,ANNUAL,0.5,2500.0,DTFTFB,AA,2922
106,EUR,Germany,DBR 0.50% 17-2027,2017-07-14,2018-08-15,2027-08-15,DE0001102424,Bondsrep ber,ANNUAL,0.5,5000.0,DBFTFB,AAA,3684
107,EUR,Luxembourg,EFSF 0.875% 17-2027,2017-07-25,2018-07-26,2027-07-26,EU000A1G0DY0,EFSF,ANNUAL,0.875,3000.0,DTFTFB,AA,3653
108,EUR,Finland,"FINLAND 0,50% 17-2027",2017-09-06,2018-09-15,2027-09-15,FI4000278551,REPUBLIC OF FINLAND,ANNUAL,0.5,3000.0,DBFUFB,AA+,3661
109,EUR,France,FRANCE 1.50% 15-2031,2015-10-05,2016-05-25,2031-05-25,FR0012993103,REPUBLIC FRANCE,ANNUAL,1.5,33749.0,DBFTFN,AA,5711
110,EUR,Finland,KUNTA 0.75% 17-2027,2017-10-03,2018-09-07,2027-09-07,XS1692485912,MUNICIPALITY FINANCE,ANNUAL,0.75,500.0,DTFNFB,AA+,3626
111,EUR,France,FRANCE 0.75% 17-2028,2017-10-09,2018-05-25,2028-05-25,FR0013286192,REPUBLIC FRANCE,ANNUAL,0.75,3998.0,DBFTFN,AA,3881
112,EUR,Luxembourg,EFSF 0.125% 17-2023,2017-10-17,2018-10-17,2023-10-17,EU000A1G0D39,EFSF,ANNUAL,0.125,3000.0,DTFTFB,AA,2191
113,EUR,Netherlands,NEDERLAND 0.00% 17-2024,2017-10-13,2018-01-15,2024-01-15,NL0012650469,STAAT DER NEDERLANDEN,ANNUAL,0.0,6572.277,DBZTFR,AAA,2285
114,EUR,Ireland,IRELAND 0.90% 18-2028,2018-01-10,2018-05-15,2028-05-15,IE00BDHDPR44,REPUBLIC IRELAND,ANNUAL,0.9,4000.0,DNFTFR,A+,3778
115,EUR,Luxembourg,EFSF 0.40% 18-2025,2018-01-17,2019-02-17,2025-02-17,EU000A1G0D62,EFSF,ANNUAL,0.4,6000.0,DTFTFB,AA,2588
116,EUR,Sweden,SWEDEN 0.125% 18-2023,2018-01-24,2018-04-24,2023-04-24,XS1756338551,SWEDEN,ANNUAL,0.125,4000.0,DTFTFR,AAA,1916
117,EUR,Austria,AUSTRIA 0.75% 18-2028,2018-01-25,2019-02-20,2028-02-20,AT0000A1ZGE4,AUSTRIA,ANNUAL,0.75,4000.0,DBFTFB,AA+,3678
118,EUR,Luxembourg,EFSF 1.45% 17-2040,2017-09-05,2018-09-05,2040-09-05,EU000A1G0D05,EFSF,ANNUAL,1.45,2000.0,DTFTFB,AA,8401
119,EUR,Germany,DBR 0.50% 18-2028,2018-01-12,2019-02-15,2028-02-15,DE0001102440,Bondsrep ber,ANNUAL,0.5,5000.0,DBFTFB,AAA,3686
120,EUR,Belgium,EU 0.50% 18-2025,2018-02-06,2019-04-04,2025-04-04,EU000A19VVY6,EUROPEAN UNION,ANNUAL,0.5,2400.0,DNFCFB,AAA,2614
121,EUR,Luxembourg,EFSF 0.95% 18-2028,2018-02-14,2019-02-14,2028-02-14,EU000A1G0D70,EFSF,ANNUAL,0.95,3000.0,DTFTFB,AA,3652
122,EUR,Belgium,BELGIUM 1.25% 18-2033,2018-03-05,2019-04-22,2033-04-22,BE0000346552,BELGIE BRU,ANNUAL,1.25,4500.0,DBFTFR,AA-,5527
123,EUR,Netherlands,NEDERLAND 0.75% 18-2028,2018-03-15,2018-07-15,2028-07-15,NL0012818504,STAAT DER NEDERLANDEN,ANNUAL,0.75,5849.941,DBFXXN,AAA,3775
124,EUR,Germany,DBR 0% 18-2023,2018-02-02,2019-04-14,2023-04-14,DE0001141778,Bondsrep ber,ANNUAL,0.0,14000.0,DBFTFB,AAA,1897
125,EUR,Belgium,BELGIUM 0.80% 18-2028,2018-01-23,2018-06-22,2028-06-22,BE0000345547,BELGIE BRU,ANNUAL,0.8,8867.0,DBFTFR,AA-,3803
126,EUR,France,FRANCE 0.75% 18-2028,2018-06-11,2018-11-25,2028-11-25,FR0013341682,REPUBLIC FRANCE,ANNUAL,0.75,4105.0,DBFTFN,AA,3820
127,EUR,Belgium,EU 1.25% 18-2033,2018-03-06,2019-04-04,2033-04-04,EU000A19XC51,EUROPEAN UNION,ANNUAL,1.25,2100.0,DNFCFB,AAA,5508
128,EUR,Germany,DBR 0.25% 18-2028,2018-07-13,2019-08-15,2028-08-15,DE0001102457,Bondsrep ber,ANNUAL,0.25,4000.0,DBFTFB,AAA,3686
129,EUR,Luxembourg,ESM 0.10% 18-2023,2018-07-31,2018-07-31,2023-07-31,EU000A1Z99E3,EUROPEAN STABILITY MECHANISM,ANNUAL,0.1,4000.0,DTFCFB,AAA,1826
130,EUR,Finland,"FINLAND 0,50% 18-2028",2018-09-04,2019-09-15,2028-09-15,FI4000348727,REPUBLIC OF FINLAND,ANNUAL,0.5,3000.0,DBFUFB,AA+,3664
131,EUR,Luxembourg,ESM 0.75% 18-2028,2018-09-05,2019-09-05,2028-09-05,EU000A1Z99F0,EUROPEAN STABILITY MECHANISM,ANNUAL,0.75,3250.0,DTFCFB,AAA,3653
132,EUR,Ireland,IRELAND 1.35% 18-2031,2018-10-17,2019-03-18,2031-03-18,IE00BFZRQ242,REPUBLIC IRELAND,ANNUAL,1.35,3000.0,DNFTFR,A+,4535
133,EUR,Luxembourg,EFSF 0.40% 19-2026,2019-01-14,2020-01-26,2026-01-26,EU000A1G0EB6,EFSF,ANNUAL,0.4,3000.0,DTFTFB,AA,2569
134,EUR,Belgium,BELGIE 0.90% 19-2029,2019-01-15,2019-06-22,2029-06-22,BE0000347568,BELGIE BRU,ANNUAL,0.9,6000.0,DBFTFR,AA-,3811
135,EUR,Ireland,IRELAND 1.10% 19-2029,2019-01-16,2019-05-15,2029-05-15,IE00BH3SQ895,REPUBLIC IRELAND,ANNUAL,1.1,4000.0,DNFTFR,A+,3772
136,EUR,Germany,"DBR 0,25% 19-2029",2019-01-11,2020-02-15,2029-02-15,DE0001102465,Bondsrep ber,ANNUAL,0.25,4000.0,DBFTFB,AAA,3688
137,EUR,France,FRANCE 2.50% 14-2030,2014-05-06,2014-05-25,2030-05-25,FR0011883966,REPUBLIC FRANCE,ANNUAL,2.5,35119.0,DBFTFN,AA,5863
138,EUR,Netherlands,NEDERLAND 0.25% 19-2029,2019-02-14,2019-07-15,2029-07-15,NL0013332430,STAAT DER NEDERLANDEN,ANNUAL,0.25,5885.587,DBFXXN,AAA,3804
139,EUR,Luxembourg,ESM 0.50% 19-2029,2019-03-05,2019-03-05,2029-03-05,EU000A1Z99H6,EUROPEAN STABILITY MECHANISM,ANNUAL,0.5,2000.0,DTFCFB,AAA,3653
140,EUR,Germany,NRW 0.25% 19-2026,2019-03-13,2019-03-13,2026-03-13,DE000NRW0LN6,LAND NORDRHEIN-WESTFALEN,ANNUAL,0.25,2500.0,DNFTFB,AA+,2557
141,EUR,France,FRANCE 0.50% 19-2029,2019-03-11,2019-05-25,2029-05-25,FR0013407236,REPUBLIC FRANCE,ANNUAL,0.5,6494.0,DBFTFN,AA,3728
142,EUR,Spain,Spain 1.45% 19-2029,2019-01-29,2019-04-30,2029-04-30,ES0000012E51,SPAIN,ANNUAL,1.45,17723.02,DBFTFB,A-,3744
143,EUR,Austria,AUSTRIA 0.50% 19-2029,2019-02-05,2020-02-20,2029-02-20,AT0000A269M8,AUSTRIA,ANNUAL,0.5,7984.077,DBFTFB,AA+,3668
144,EUR,Germany,DBR 0.00% 19-2029,2019-07-12,2020-08-15,2029-08-15,DE0001102473,Bondsrep ber,ANNUAL,0.0,4000.0,DBFTFB,AAA,3687
145,EUR,France,FRANCE 0.00% 19-2025,2019-04-24,2020-03-25,2025-03-25,FR0013415627,REPUBLIC FRANCE,ANNUAL,0.0,16394.0,DBFTFN,AA,2162
146,EUR,Luxembourg,ESM 0.00% 19-2025,2019-10-29,2020-03-14,2025-03-14,EU000A1Z99J2,EUROPEAN STABILITY MECHANISM,ANNUAL,0.0,3500.0,DTFCFB,AAA,1963
147,EUR,Spain,Spain 0.6% 19-2029,2019-06-19,2019-10-31,2029-10-31,ES0000012F43,SPAIN,ANNUAL,0.6,15757.104,DBFTFB,A-,3787
148,EUR,Luxembourg,LUXEMBOURG 0% 19-2026,2019-11-13,2019-11-13,2026-11-13,LU2076841712,LUXEMBOURG,ANNUAL,0.0,1700.0,DBZUFB,AAA,2557
149,EUR,France,FRANCE 0.00% 19-2029,2019-10-07,2019-11-25,2029-11-25,FR0013451507,REPUBLIC FRANCE,ANNUAL,0.0,12327.0,DBFTFN,AA,3702
150,EUR,Germany,NRW 0.00% 19-2029,2019-11-26,2019-11-26,2029-11-26,DE000NRW0LZ0,LAND NORDRHEIN-WESTFALEN,ANNUAL,0.0,1000.0,DNFTFB,AA+,3653
151,EUR,Spain,Spain 0.25% 19-2024,2019-04-16,2019-07-30,2024-07-30,ES0000012E85,SPAIN,ANNUAL,0.25,13278.092,DBFTFB,A-,1932
152,EUR,Germany,DBR 0.00% 20-2030,2020-01-10,2021-02-15,2030-02-15,DE0001102499,Bondsrep ber,ANNUAL,0.0,5000.0,DBFTFB,AAA,3689
153,EUR,Spain,Spain 1.45% 17-2027,2017-07-04,2017-10-31,2027-10-31,ES0000012A89,SPAIN,ANNUAL,1.45,22291.07,DBFTFB,BBB+,3771
154,EUR,Spain,Spain 0.5% 20-2030,2020-01-21,2020-04-30,2030-04-30,ES0000012F76,SPAIN,ANNUAL,0.5,10000.0,DBFTFB,BBB+,3752
155,EUR,Belgium,BELGIE 0.10% 20-2030,2020-01-22,2020-06-22,2030-06-22,BE0000349580,BELGIE BRU,ANNUAL,0.1,6000.0,DBFTFR,AA-,3804
156,EUR,Austria,AUSTRIA 0.00% 20-2030,2020-02-05,2021-02-20,2030-02-20,AT0000A2CQD2,AUSTRIA,ANNUAL,0.0,3250.0,DBFTFB,AA+,3668
157,EUR,Luxembourg,ESM 0.01% 20-2030,2020-03-04,2020-03-04,2030-03-04,EU000A1Z99L8,EUROPEAN STABILITY MECHANISM,ANNUAL,0.01,2000.0,DTFCFB,AAA,3652
158,EUR,Spain,Spain 1.40% 18-2028,2018-01-30,2018-04-30,2028-04-30,ES0000012B39,SPAIN,ANNUAL,1.4,21044.453,DBFTFB,BBB+,3743
159,EUR,Netherlands,NEDERLAND 0.0% 20-2030,2020-03-12,2020-07-15,2030-07-15,NL0014555419,STAAT DER NEDERLANDEN,ANNUAL,0.0,5990.462,DBZTFR,AAA,3777
160,EUR,Germany,NRW 0.20% 20-2027,2020-03-31,2020-03-31,2027-03-31,DE000NRW0L85,LAND NORDRHEIN-WESTFALEN,ANNUAL,0.2,2000.0,DNFTFB,AA+,2556
161,EUR,Belgium,BELGIE 0.00% 20-2027,2020-04-07,2020-10-22,2027-10-22,BE0000351602,BELGIE BRU,ANNUAL,0.0,8000.0,DBFTFR,AA-,2754
162,EUR,Belgium,FLEMISH 0.375% 20-2030,2020-04-15,2020-04-15,2030-04-15,BE0001796508,FLEMISH COMM,ANNUAL,0.375,1250.0,DNFTFR,AA,3652
163,EUR,Ireland,IRELAND 0.20% 20-2027,2020-04-16,2021-05-15,2027-05-15,IE00BKFVC568,REPUBLIC IRELAND,ANNUAL,0.2,6000.0,DNFTFR,A+,2585
164,EUR,Luxembourg,LUXEMBOURG 0% 20-2030,2020-04-28,2020-04-28,2030-04-28,LU2162831981,LUXEMBOURG,ANNUAL,0.0,1000.0,DBZUFB,AAA,3652
165,EUR,Luxembourg,LUXEMBOURG 0% 20-2025,2020-04-28,2020-04-28,2025-04-28,LU2161837203,LUXEMBOURG,ANNUAL,0.0,1500.0,DBZUFB,AAA,1826
166,EUR,Germany,NRW 0.00% 20-2025,2020-05-05,2020-05-05,2025-05-05,DE000NRW0ME3,LAND NORDRHEIN-WESTFALEN,ANNUAL,0.0,2500.0,DNFTFB,AA+,1826
167,EUR,Germany,DBR 0.00% 20-2035,2020-05-13,2021-05-15,2035-05-15,DE0001102515,Bondsrep ber,ANNUAL,0.0,7500.0,DBFTFB,AAA,5480
168,EUR,Netherlands,NEDERLAND 0.0% 20-2027,2020-05-28,2021-01-15,2027-01-15,NL0015031501,STAAT DER NEDERLANDEN,ANNUAL,0.0,4990.0,DBZTFR,AAA,2423
169,EUR,Belgium,EU 0.125% 20-2035,2020-06-10,2020-06-10,2035-06-10,EU000A28X702,EUROPEAN UNION,ANNUAL,0.125,500.0,DNFCFB,AAA,5478
170,EUR,France,FRANCE 0.00% 20-2030,2020-06-08,2020-11-25,2030-11-25,FR0013516549,REPUBLIC FRANCE,ANNUAL,0.0,5095.0,DBFTFN,AA,3822
171,EUR,Ireland,IRELAND 0.20% 20-2030,2020-06-16,2020-10-18,2030-10-18,IE00BKFVC899,REPUBLIC IRELAND,ANNUAL,0.2,6000.0,DNFTFR,A+,3776
172,EUR,Germany,DBR 0.00% 20-2030,2020-06-19,2021-08-15,2030-08-15,DE0001102507,Bondsrep ber,ANNUAL,0.0,5000.0,DBFTFB,AAA,3709
173,EUR,France,IDF 0.10% 20-2030,2020-06-30,2021-07-02,2030-07-02,FR0013521382,ILE DE FRANCE,ANNUAL,0.1,550.0,DTFNFB,AA,3654
174,EUR,Spain,Spain 1.25% 20-2030,2020-04-30,2020-10-31,2030-10-31,ES0000012G34,SPAIN,ANNUAL,1.25,21472.535,DBFTFB,BBB+,3836
175,EUR,Luxembourg,EFSF 0.00% 20-2025,2020-07-15,2021-10-15,2025-10-15,EU000A1G0EJ9,EFSF,ANNUAL,0.0,4000.0,DTFTFB,AA,1918
176,EUR,Spain,Spain 0.0% 20-2025,2020-02-25,2021-01-31,2025-01-31,ES0000012F92,SPAIN,ANNUAL,0.0,19202.406,DBFTFB,A-,1802
177,EUR,Germany,DBR 0.00% 20-2030,2020-09-09,2021-08-15,2030-08-15,DE0001030708,Bondsrep ber,ANNUAL,0.0,6500.0,DBFTFB,AAA,3627
178,EUR,Germany,DBR 0% 20-2027,2020-05-14,2021-11-15,2027-11-15,DE0001102523,Bondsrep ber,ANNUAL,0.0,22000.0,DBFTFB,AAA,2741
179,EUR,Belgium,BELGIE 1.00% 15-2031,2015-02-17,2015-06-22,2031-06-22,BE0000335449,BELGIE BRU,ANNUAL,1.0,14412.0,DBFTFR,AA-,5969
180,EUR,Germany,NRW 0.00% 20-2035,2020-10-12,2020-10-12,2035-10-12,DE000NRW0ML8,LAND NORDRHEIN-WESTFALEN,ANNUAL,0.0,2400.0,DNFTFB,AA+,5478
181,EUR,Luxembourg,EFSF 0.00% 20-2027,2020-10-13,2020-10-13,2027-10-13,EU000A1G0EK7,EFSF,ANNUAL,0.0,3000.0,DTFTFB,AA,2556
182,EUR,Germany,LAND BERLIN 0.01% 20-2028,2020-10-26,2020-10-26,2028-10-26,DE000A289LD0,LAND BERLIN,ANNUAL,0.01,500.0,DNFTFB,AA+,2922
183,EUR,Luxembourg,ESM 0.00% 20-2024,2020-10-26,2021-12-16,2024-12-16,EU000A1Z99M6,EUROPEAN STABILITY MECHANISM,ANNUAL,0.0,2000.0,DTFCFB,AAA,1512
184,EUR,Belgium,EU 0.00% 20-2030,2020-10-27,2021-10-04,2030-10-04,EU000A283859,EUROPEAN UNION,ANNUAL,0.0,10000.0,DNFCFB,AAA,3629
185,EUR,Belgium,EU 0.00% 20-2025,2020-11-17,2021-11-04,2025-11-04,EU000A284451,EUROPEAN UNION,ANNUAL,0.0,8000.0,DNFCFB,AAA,1813
186,EUR,Belgium,EU 0.30% 20-2050,2020-11-17,2021-11-04,2050-11-04,EU000A284469,EUROPEAN UNION,ANNUAL,0.3,6000.0,DNFCFB,AAA,10944
187,EUR,Belgium,EU 0.0% 20-2035,2020-12-01,2021-07-04,2035-07-04,EU000A285VM2,EUROPEAN UNION,ANNUAL,0.0,8500.0,DNFCFB,AAA,5328
188,EUR,Ireland,IRELAND 0.00% 21-2031,2021-01-12,2021-10-18,2031-10-18,IE00BMQ5JL65,REPUBLIC IRELAND,ANNUAL,0.0,5500.0,DNZTFR,A+,3931
189,EUR,Germany,DBR 0.00% 21-2031,2021-01-08,2022-02-15,2031-02-15,DE0001102531,Bondsrep ber,ANNUAL,0.0,5000.0,DBFTFB,AAA,3690
190,EUR,France,FRANCE 0.75% 20-2052,2020-02-04,2020-05-25,2052-05-25,FR0013480613,REPUBLIC FRANCE,ANNUAL,0.75,18736.0,DBFTFN,AA,11799
191,EUR,Luxembourg,EFSF 0.00% 21-2031,2021-01-18,2022-01-18,2031-01-20,EU000A1G0EL5,EFSF,ANNUAL,0.0,3000.0,DTFTFB,AA,3654
192,EUR,Belgium,BELGIE 0.00% 21-2031,2021-01-19,2021-10-22,2031-10-22,BE0000352618,BELGIE BRU,ANNUAL,0.0,6000.0,DBFTFR,AA-,3928
193,EUR,France,FRANCE 1.50% 19-2050,2019-02-26,2019-05-25,2050-05-25,FR0013404969,REPUBLIC FRANCE,ANNUAL,1.5,31274.0,DBFTFN,AA,11411
194,EUR,Spain,Spain 0.10% 21-2031,2021-01-20,2021-04-30,2031-04-30,ES0000012H41,SPAIN,ANNUAL,0.1,10000.0,DBFTFB,A-,3752
195,EUR,Netherlands,NEDERLAND 0.00% 20-2052,2020-09-24,2021-01-15,2052-01-15,NL0015614579,STAAT DER NEDERLANDEN,ANNUAL,0.0,7845.724,DBFTFR,AAA,11435
196,EUR,Italy,BTPS 0.90% 20-2031,2020-10-01,2021-04-01,2031-04-01,IT0005422891,ITALIE,SEMI ANNUAL,0.9,11626.07,DBFUFB,BBB,3834
197,EUR,Belgium,EU 0.00% 21-2028,2021-02-02,2022-06-02,2028-06-02,EU000A287074,EUROPEAN UNION,ANNUAL,0.0,10000.0,DNFCFB,AAA,2677
198,EUR,Austria,AUSTRIA 0.00% 21-2031,2021-02-03,2022-02-20,2031-02-20,AT0000A2NW83,AUSTRIA,ANNUAL,0.0,4000.0,DBFTFB,AA+,3669
199,EUR,Canada,ONTARIO 0.01% 20-2030,2020-11-24,2021-11-25,2030-11-25,XS2262263622,ONTARIO PROVINCE,ANNUAL,0.01,2500.0,DTFNFB,AA-,3653
200,EUR,Italy,BTPS 0.50% 20-2026,2020-09-01,2021-02-01,2026-02-01,IT0005419848,ITALIE,SEMI ANNUAL,0.5,18551.0,DBFUFB,BBB,1979
201,EUR,Netherlands,NEDERLAND 0.0% 21-2031,2021-02-11,2021-07-15,2031-07-15,NL00150006U0,STAAT DER NEDERLANDEN,ANNUAL,0.0,5989.805,DBFTFR,AAA,3806
202,EUR,Belgium,EU 0.20% 21-2036,2021-03-16,2022-06-04,2036-06-04,EU000A3KM903,EUROPEAN UNION,ANNUAL,0.2,9000.0,DNFCFB,AAA,5559
203,EUR,Luxembourg,LUXEMBOURG 0% 21-2031,2021-03-24,2021-03-24,2031-03-24,LU2320463339,LUXEMBOURG,ANNUAL,0.0,2500.0,DBZUFB,AAA,3652
204,EUR,Belgium,EU 0.00% 21-2026,2021-03-30,2022-03-04,2026-03-04,EU000A3KNYF7,EUROPEAN UNION,ANNUAL,0.0,8000.0,DNFCFB,AAA,1800
205,EUR,Belgium,EU 0.45% 21-2046,2021-03-30,2022-05-02,2046-05-02,EU000A3KNYG5,EUROPEAN UNION,ANNUAL,0.45,5000.0,DNFCFB,AAA,9164
206,EUR,France,FRANCE 0.00% 21-2031,2021-04-12,2021-11-25,2031-11-25,FR0014002WK3,REPUBLIC FRANCE,ANNUAL,0.0,6569.0,DBFTFN,AA,3879
207,EUR,Luxembourg,EFSF 0.00% 21-2026,2021-04-19,2021-07-20,2026-07-20,EU000A1G0EN1,EFSF,ANNUAL,0.0,4000.0,DTFTFB,AA,1918
208,EUR,France,IDF 0.00% 21-2028,2021-04-20,2021-04-20,2028-04-20,FR0014003067,ILE DE FRANCE,ANNUAL,0.0,500.0,DTZUFN,AA,2557
209,EUR,Belgium,EU 0.25% 21-2036,2021-04-27,2022-04-22,2036-04-22,EU000A3KP2Z3,EUROPEAN UNION,ANNUAL,0.25,4750.0,DNFCFB,AAA,5474
210,EUR,Germany,DBR 0.00% 21-2050,2021-05-18,2021-08-15,2050-08-15,DE0001030724,Bondsrep ber,ANNUAL,0.0,6000.0,DBFTFB,AAA,10681
211,EUR,Belgium,EU 0.00% 21-2029,2021-05-25,2022-07-04,2029-07-04,EU000A3KRJQ6,EUROPEAN UNION,ANNUAL,0.0,8137.0,DNFCFB,AAA,2962
212,EUR,France,IDF MOBIL 0.40% 21-2031,2021-05-28,2021-05-28,2031-05-28,FR0014003OC5,ILE DE FRANCE MOBILITES,ANNUAL,0.4,500.0,DTFNFB,AA,3652
213,EUR,Germany,NRW 0.125% 21-2031,2021-06-04,2021-06-04,2031-06-04,DE000NRW0MY1,LAND NORDRHEIN-WESTFALEN,ANNUAL,0.125,2000.0,DNFTFB,AA+,3652
214,EUR,Canada,ONTARIO 0.25% 21-2031,2021-06-09,2021-06-09,2031-06-09,XS2351088955,ONTARIO PROVINCE,ANNUAL,0.25,1000.0,DTFNFB,AA-,3652
215,EUR,Belgium,EU 0.00% 21-2031,2021-06-22,2022-07-04,2031-07-04,EU000A3KSXE1,EUROPEAN UNION,ANNUAL,0.0,20000.0,DNFCFB,AAA,3664
216,EUR,Germany,DBR 0.00% 21-2031,2021-06-18,2022-08-15,2031-08-15,DE0001102564,Bondsrep ber,ANNUAL,0.0,5000.0,DBFTFB,AAA,3710
217,EUR,Spain,Spain 0.50% 21-2031,2021-06-29,2021-10-31,2031-10-31,ES0000012I32,SPAIN,ANNUAL,0.5,8000.0,DBFTFB,A-,3776
218,EUR,Slovenia,SLOVENIA 0.125% 21-2031,2021-07-01,2021-07-01,2031-07-01,SI0002104196,REPUBLIC OF SLOVENIA,ANNUAL,0.125,1000.0,DBFTFR,A,3652
219,EUR,Belgium,EU 0.00% 21-2026,2021-07-06,2021-07-06,2026-07-06,EU000A3KTGV8,EUROPEAN UNION,ANNUAL,0.0,9000.0,DNFCFB,AAA,1826
220,EUR,Belgium,EU 0.70% 21-2051,2021-07-06,2021-07-06,2051-07-06,EU000A3KTGW6,EUROPEAN UNION,ANNUAL,0.7,6000.0,DNFCFB,AAA,10957
221,EUR,Belgium,EU 0.00% 21-2031,2021-07-20,2022-04-22,2031-04-22,EU000A3KT6A3,EUROPEAN UNION,ANNUAL,0.0,5250.0,DNFCFB,AAA,3563
222,EUR,Belgium,DSG Belgium 0% 21-2023,2021-09-08,2021-09-08,2023-09-08,BE6330352350,DEUTSCHSPRACHIGE GEM BELGIENS,ANNUAL,0.0,25.0,DNZTFR,D,730
223,EUR,Germany,DBR 0.00% 21-2031,2021-09-10,2022-08-15,2031-08-15,DE0001030732,Bondsrep ber,ANNUAL,0.0,3500.0,DBFTFB,AAA,3626
224,EUR,Belgium,EU 0.00% 21-2028,2021-09-21,2022-10-04,2028-10-04,EU000A3KWCF4,EUROPEAN UNION,ANNUAL,0.0,9000.0,DNFCFB,AAA,2570
225,EUR,Austria,AUSTRIA 0.25% 21-2036,2021-09-23,2022-10-20,2036-10-20,AT0000A2T198,AUSTRIA,ANNUAL,0.25,5000.0,DBFTFB,AA+,5506
226,EUR,Netherlands,NEDERLAND 0.00% 21-2029,2021-09-30,2022-01-15,2029-01-15,NL0015000LS8,STAAT DER NEDERLANDEN,ANNUAL,0.0,4195.0,DBFTFR,AAA,2664
227,EUR,Spain,ADIF ALTA VELOCIDAD 0.55% 21-2031,2021-10-08,2022-10-31,2031-10-31,ES0200002063,ADIF ALTA VELOCIDAD,ANNUAL,0.55,600.0,DBFUFB,BBB,3675
228,EUR,Belgium,EU 0.40% 21-2037,2021-10-19,2022-02-04,2037-02-04,EU000A3K4C42,EUROPEAN UNION,ANNUAL,0.4,12000.0,DNFCFB,AA,5587
229,EUR,Germany,DBR 0.00% 21-2036,2021-03-05,2022-05-15,2036-05-15,DE0001102549,Bondsrep ber,ANNUAL,0.0,22000.0,DBFTFB,AAA,5550
