bondname,ccy,country_name,bond_ext_name,group_name,issue_dt,first_coupon_date,mature_dt,isin,fix_float,issuer_name,cparty_type,coupon_frq, coupon , tot_issue , CO2_factor ,cfi_code,issue_rating
NL00090861               ,EUR,Netherlands                   ,Nederland 4.00% 09-2019,Investm Government Bonds ,13/02/2009,15/07/2009,15/07/2019,NL0009086115    ,FIXED   ,STAAT DER NEDERLANDEN              ,Government               ,ANNUAL              , 4.0000 ," 5,000,000,000.00 ", NULL ,DBFTFN,AAA
NL00133924               ,NLG,Austria                       ,Austria 6.25% 94-2024,Investm Government Bonds ,28/02/1994,28/02/1995,28/02/2024,NL0000133924    ,FIXED   ,AUSTRIA                            ,Government               ,ANNUAL              , 6.2500 ," 1,000,000,000.00 ", NULL ,DBFTXB,AA+
NL10071189               ,EUR,Netherlands                   ,Nederland 2.50% 12-2033,Investm Government Bonds ,09/03/2012,15/01/2013,15/01/2033,NL0010071189    ,FIXED   ,STAAT DER NEDERLANDEN              ,Government               ,ANNUAL              , 2.5000 ," 4,160,000,000.00 ", NULL ,DBFXXN,AAA
US912828KQ               ,USD,United States                 ,T 3 1/8 05/15/19,Investm Government Bonds ,15/05/2009,15/11/2009,15/05/2019,US912828KQ20    ,FIXED   ,UNITED STATES TREASURY             ,Government               ,SEMI ANNUAL         , 3.1250 ," 64,411,000,000.00 ", NULL ,NULL,NULL
US2828MP29               ,USD,United States                 ,CTD US GOVT 3.625% 10-2020,Investm Government Bonds ,15/02/2010,15/08/2010,15/02/2020,US912828MP29    ,FIXED   ,UNITED STATES TREASURY             ,Government               ,SEMI ANNUAL         , 3.6250 , -   , NULL ,NULL,NULL
US912810FJ               ,USD,United States                 ,US GOVT 6.125% 99-2029,Investm Government Bonds ,15/08/1999,1899-12-30 00:00:00.000,15/08/2029,US912810FJ26    ,FIXED   ,UNITED STATES TREASURY             ,Government               ,SEMI ANNUAL         , 6.1250 ," 11,179,000,000.00 ", NULL ,DBFTFR,AAA
US912828VV               ,USD,United States                 ,US GOVT 2.125% 13-2020,Investm Government Bonds ,03/09/2013,28/02/2014,31/08/2020,US912828VV95    ,FIXED   ,UNITED STATES TREASURY             ,Government               ,SEMI ANNUAL         , 2.1250 ," 29,000,000,000.00 ", NULL ,NULL,NULL
US912810FM               ,USD,United States                 ,US GOVT 6.250% 00-2030,Investm Government Bonds ,15/02/2000,15/05/2000,15/05/2030,US912810FM54    ,FIXED   ,UNITED STATES TREASURY             ,Government               ,SEMI ANNUAL         , 6.2500 ," 17,043,000,000.00 ", NULL ,DTFTFR,AAA
US912828QN               ,USD,United States                 ,US GOVT 3.125% 11-2021,Investm Government Bonds ,16/05/2011,15/11/2011,15/05/2021,US912828QN35    ,FIXED   ,UNITED STATES TREASURY             ,Government               ,SEMI ANNUAL         , 3.1250 ," 66,000,000,000.00 ", NULL ,DBFTFR,AAA
US912828WY               ,USD,United States                 ,US GOVT 2.250% 14-2021,Investm Government Bonds ,31/07/2014,1899-12-30 00:00:00.000,31/07/2021,US912828WY26    ,FIXED   ,UNITED STATES TREASURY             ,Government               ,SEMI ANNUAL         , 2.2500 ," 29,000,000,000.00 ", NULL ,DBFTFR,AAA
US912828C2               ,USD,United States                 ,US GOVT 1.50% 14-2019,Investm Government Bonds ,28/02/2014,1899-12-30 00:00:00.000,28/02/2019,US912828C244    ,FIXED   ,UNITED STATES TREASURY             ,Government               ,SEMI ANNUAL         , 1.5000 ," 29,000,000,000.00 ", NULL ,NULL,NULL
NL0000102317             ,EUR,Netherlands                   ,Nederland 5.50% 98-2028,Investm Government Bonds ,15/01/1998,15/01/1999,15/01/2028,NL0000102317    ,FIXED   ,STAAT DER NEDERLANDEN              ,Government               ,ANNUAL              , 5.5000 ," 8,886,814,000.00 ", NULL ,DBFTFN,AAA
AT0000A105W3             ,EUR,Austria                       ,AUSTRIA 1.75% 13-2023,Investm Government Bonds ,17/04/2013,20/10/2014,20/10/2023,AT0000A105W3    ,FIXED   ,AUSTRIA                            ,Government               ,ANNUAL              , 1.7500 ," 3,000,000,000.00 ", 3.29 ,DBFTFB,AA+
BE0000334434             ,EUR,Belgium                       ,BELGIE 0.80% 15-2025,Investm Government Bonds ,14/01/2015,22/06/2015,22/06/2025,BE0000334434    ,FIXED   ,BELGIE BRU                         ,Government               ,ANNUAL              , 0.8000 ," 5,000,000,000.00 ", 2.04 ,DBFTFR,AA-
DE0001102309             ,EUR,Germany                       ,DBR 1.50% 13-2023,Investm Government Bonds ,18/01/2013,15/02/2014,15/02/2023,DE0001102309    ,FIXED   ,Bondsrep ber                       ,Government               ,ANNUAL              , 1.5000 ," 5,000,000,000.00 ", 12.24 ,DBFTFB,AAA
DE0001102374             ,EUR,Germany                       ,DBR 0.50% 15-2025,Investm Government Bonds ,16/01/2015,15/02/2016,15/02/2025,DE0001102374    ,FIXED   ,Bondsrep ber                       ,Government               ,ANNUAL              , 0.5000 ," 5,000,000,000.00 ", 12.24 ,DBFTFB,AAA
DE0001135176             ,EUR,Germany                       ,DBR 5.50% 00-2031,Investm Government Bonds ,27/10/2000,04/01/2002,04/01/2031,DE0001135176    ,FIXED   ,Bondsrep ber                       ,Government               ,ANNUAL              , 5.5000 ," 17,000,000,000.00 ", 12.24 ,DBFTFB,AAA
DE0001135499             ,EUR,Germany                       ,DBR 1.5% 12-2022,Investm Government Bonds ,04/09/2012,04/09/2013,04/09/2022,DE0001135499    ,FIXED   ,Bondsrep ber                       ,Government               ,ANNUAL              , 1.5000 ," 5,000,000,000.00 ", 12.24 ,DBFTFB,AAA
FI4000037635             ,EUR,Finland                       ,FINLAND 2.75% 12-2028,Investm Government Bonds ,07/02/2012,04/07/2012,04/07/2028,FI4000037635    ,FIXED   ,REPUBLIC OF FINLAND                ,Government               ,ANNUAL              , 2.7500 ," 3,000,000,000.00 ", 21.99 ,DBFUFB,AA+
FI4000148630             ,EUR,Finland                       ,FINLAND 0.75% 15-2031,Investm Government Bonds ,10/03/2015,15/04/2016,15/04/2031,FI4000148630    ,FIXED   ,REPUBLIC OF FINLAND                ,Government               ,ANNUAL              , 0.7500 ," 3,000,000,000.00 ", NULL ,DBFUFB,AA+
FR0012517027             ,EUR,France                        ,FRANCE 0.50% 15-2025,Investm Government Bonds ,09/02/2015,25/05/2015,25/05/2025,FR0012517027    ,FIXED   ,REPUBLIC FRANCE                    ,Government               ,ANNUAL              , 0.5000 ," 4,625,000,000.00 ", NULL ,DBFTFN,AA
IE00B2QTFG59             ,EUR,Ireland                       ,Ireland 4.40% 08-2019,Investm Government Bonds ,15/04/2008,18/06/2008,18/06/2019,IE00B2QTFG59    ,FIXED   ,REPUBLIC IRELAND                   ,Government               ,ANNUAL              , 4.4000 ," 7,000,000,000.00 ", NULL ,DNFTFR,A
IE00B6X95T99             ,EUR,Ireland                       ,Ireland 3.40% 14-2024,Investm Government Bonds ,14/01/2014,18/03/2014,18/03/2024,IE00B6X95T99    ,FIXED   ,REPUBLIC IRELAND                   ,Government               ,ANNUAL              , 3.4000 ," 4,750,000,000.00 ", 5.81 ,DNFTFR,A+
IT0005069395             ,EUR,Italy                         ,BTPS 1.05% 14-2019,Investm Government Bonds ,01/12/2014,01/06/2015,01/12/2019,IT0005069395    ,FIXED   ,ITALIE                             ,Government               ,SEMI ANNUAL         , 1.0500 ," 15,470,970,000.00 ", NULL ,DBFUFB,BBB+
IT0005090318             ,EUR,Italy                         ,BTPS 1.50% 15-2025,Investm Government Bonds ,02/03/2015,01/06/2015,01/06/2025,IT0005090318    ,FIXED   ,ITALIE                             ,Government               ,SEMI ANNUAL         , 1.5000 ," 19,786,720,000.00 ", NULL ,DBFUFB,BBB-
NL0000102275             ,EUR,Netherlands                   ,Nederland 3.75% 06-2023,Investm Government Bonds ,17/02/2006,15/01/2007,15/01/2023,NL0000102275    ,FIXED   ,STAAT DER NEDERLANDEN              ,Government               ,ANNUAL              , 3.7500 ," 9,822,850,000.00 ", 10.70 ,DBFTFN,AAA
NL0010418810             ,EUR,Netherlands                   ,Nederland 1.75% 13-2023,Investm Government Bonds ,22/03/2013,15/07/2013,15/07/2023,NL0010418810    ,FIXED   ,STAAT DER NEDERLANDEN              ,Government               ,ANNUAL              , 1.7500 ," 6,519,963,000.00 ", 10.70 ,DBFXXN,AAA
NL0010733424             ,EUR,Netherlands                   ,NEDERLAND 2.00% 14-2024,Investm Government Bonds ,28/03/2014,15/07/2014,15/07/2024,NL0010733424    ,FIXED   ,STAAT DER NEDERLANDEN              ,Government               ,ANNUAL              , 2.0000 ," 6,600,000,000.00 ", 10.70 ,DBFXXN,AAA
NL0011220108             ,EUR,Netherlands                   ,NEDERLAND 0.25% 15-2025,Investm Government Bonds ,26/03/2015,15/07/2015,15/07/2025,NL0011220108    ,FIXED   ,STAAT DER NEDERLANDEN              ,Government               ,ANNUAL              , 0.2500 ," 6,705,159,000.00 ", 10.70 ,DBFXXN,AAA
NL0000102234             ,EUR,Netherlands                   ,Nederland 4.00% 05-2037,Investm Government Bonds ,25/04/2005,15/01/2006,15/01/2037,NL0000102234    ,FIXED   ,STAAT DER NEDERLANDEN              ,Government               ,ANNUAL              , 4.0000 ," 9,285,427,000.00 ", NULL ,DBFTFN,AAA
AT0000A001X2             ,EUR,Austria                       ,Austria 3.50% 05-2021,Investm Government Bonds ,15/09/2005,15/09/2006,15/09/2021,AT0000A001X2    ,FIXED   ,AUSTRIA                            ,Government               ,ANNUAL              , 3.5000 ," 12,030,820,000.00 ", 3.29 ,DBFTFB,AA+
AT0000A0U3T4             ,EUR,Austria                       ,AUSTRIA 3.40% 12-2022,Investm Government Bonds ,26/01/2012,22/11/2012,22/11/2022,AT0000A0U3T4    ,FIXED   ,AUSTRIA                            ,Government               ,ANNUAL              , 3.4000 ," 3,000,000,000.00 ", 3.29 ,DBFTFB,AA+
AT0000A185T1             ,EUR,Austria                       ,AUSTRIA 1.65% 14-2024,Investm Government Bonds ,04/06/2014,21/10/2014,21/10/2024,AT0000A185T1    ,FIXED   ,AUSTRIA                            ,Government               ,ANNUAL              , 1.6500 ," 4,000,000,000.00 ", 3.29 ,DBFTFB,AA+
AT0000A19XC3             ,EUR,Austria                       ,AUSTRIA 0.25% 14-2019,Investm Government Bonds ,07/10/2014,18/10/2015,18/10/2019,AT0000A19XC3    ,FIXED   ,AUSTRIA                            ,Government               ,ANNUAL              , 0.2500 ," 4,000,000,000.00 ", NULL ,DBFTFB,AA+
BE0000315243             ,EUR,Belgium                       ,Belgie 4.00% 09-2019,Investm Government Bonds ,21/01/2009,28/03/2009,28/03/2019,BE0000315243    ,FIXED   ,BELGIE BRU                         ,Government               ,ANNUAL              , 4.0000 ," 10,212,000,000.00 ", NULL ,DBFTFR,AA-
BE0000325341             ,EUR,Belgium                       ,BELGIE 4.25% 12-2022,Investm Government Bonds ,24/01/2012,28/09/2012,28/09/2022,BE0000325341    ,FIXED   ,BELGIE BRU                         ,Government               ,ANNUAL              , 4.2500 ," 11,803,000,000.00 ", 2.04 ,DBFTFR,AA-
BE0000326356             ,EUR,Belgium                       ,BELGIE 4.00% 12-2032,Investm Government Bonds ,21/03/2012,28/03/2013,28/03/2032,BE0000326356    ,FIXED   ,BELGIE BRU                         ,Government               ,ANNUAL              , 4.0000 ," 4,000,000,000.00 ", 2.04 ,DBFTFR,AA-
BE0000327362             ,EUR,Belgium                       ,BELGIE 3.00% 12-2019,Investm Government Bonds ,04/04/2012,28/09/2012,28/09/2019,BE0000327362    ,FIXED   ,BELGIE BRU                         ,Government               ,ANNUAL              , 3.0000 ," 4,000,000,000.00 ", NULL ,DBFTFR,AA-
BE0000328378             ,EUR,Belgium                       ,BELGIE 2.25% 13-2023,Investm Government Bonds ,16/01/2013,22/06/2013,22/06/2023,BE0000328378    ,FIXED   ,BELGIE BRU                         ,Government               ,ANNUAL              , 2.2500 ," 4,000,000,000.00 ", 2.04 ,DBFTFR,AA-
BE0000332412             ,EUR,Belgium                       ,BELGIE 2.60% 14-2024,Investm Government Bonds ,21/01/2014,22/06/2014,22/06/2024,BE0000332412    ,FIXED   ,BELGIE BRU                         ,Government               ,ANNUAL              , 2.6000 ," 5,000,000,000.00 ", 2.04 ,DBFTFR,AA-
DE0001102358             ,EUR,Germany                       ,DBR 1.50% 14-2024,Investm Government Bonds ,23/05/2014,15/05/2015,15/05/2024,DE0001102358    ,FIXED   ,Bondsrep ber                       ,Government               ,ANNUAL              , 1.5000 ," 5,000,000,000.00 ", 12.24 ,DBFTFB,AAA
DE0001135143             ,EUR,Germany                       ,DBR 6.25% 00-2030,Investm Government Bonds ,21/01/2000,04/01/2001,04/01/2030,DE0001135143    ,FIXED   ,Bondsrep ber                       ,Government               ,ANNUAL              , 6.2500 ," 9,250,000,000.00 ", 12.24 ,DBFTFB,AAA
DE0001135374             ,EUR,Germany                       ,DBR 3.75% 01-2019,Investm Government Bonds ,14/11/2008,04/01/2010,04/01/2019,DE0001135374    ,FIXED   ,Bondsrep ber                       ,Government               ,ANNUAL              , 3.7500 ," 24,000,000,000.00 ", NULL ,NULL,AAA
DE0001135424             ,EUR,Germany                       ,DBR 2.50% 10-2021,Investm Government Bonds ,26/11/2010,04/01/2012,04/01/2021,DE0001135424    ,FIXED   ,Bondsrep ber                       ,Government               ,ANNUAL              , 2.5000 ," 6,000,000,000.00 ", 12.24 ,DBFTFB,AAA
DE0001135440             ,EUR,Germany                       ,DBR 3.25% 11-2021,Investm Government Bonds ,29/04/2011,04/07/2012,04/07/2021,DE0001135440    ,FIXED   ,Bondsrep ber                       ,Government               ,ANNUAL              , 3.2500 ," 11,000,000,000.00 ", 12.24 ,DBFTFB,AAA
DE0001135457             ,EUR,Germany                       ,DBR 2.25% 11-2021,Investm Government Bonds ,26/08/2011,04/09/2012,04/09/2021,DE0001135457    ,FIXED   ,Bondsrep ber                       ,Government               ,ANNUAL              , 2.2500 ," 6,000,000,000.00 ", 12.24 ,DBFTFB,AAA
DE0001135465             ,EUR,Germany                       ,DBR 2.00% 11-2022,Investm Government Bonds ,25/11/2011,04/01/2013,04/01/2022,DE0001135465    ,FIXED   ,Bondsrep ber                       ,Government               ,ANNUAL              , 2.0000 ," 6,000,000,000.00 ", 12.24 ,DBFTFB,AAA
DE0001135473             ,EUR,Germany                       ,DBR 1.75% 12-2022,Investm Government Bonds ,13/04/2012,04/07/2013,04/07/2022,DE0001135473    ,FIXED   ,Bondsrep ber                       ,Government               ,ANNUAL              , 1.7500 ," 5,000,000,000.00 ", 12.24 ,DBFTFB,AAA
FR0000187635             ,EUR,France                        ,"FRANCE 5,75% 00-2032",Investm Government Bonds ,25/10/2000,25/10/2001,25/10/2032,FR0000187635    ,FIXED   ,REPUBLIC FRANCE                    ,Government               ,ANNUAL              , 5.7500 ," 20,089,322,600.00 ", NULL ,DBFTFN,AA
FR0011196856             ,EUR,France                        ,FRANCE 3.00% 12-2022,Investm Government Bonds ,07/02/2012,25/04/2012,25/04/2022,FR0011196856    ,FIXED   ,REPUBLIC FRANCE                    ,Government               ,ANNUAL              , 3.0000 ," 13,932,000,000.00 ", 3.32 ,DBFTFN,AA
FR0011337880             ,EUR,France                        ,FRANCE 2.25% 11-2022,Investm Government Bonds ,25/10/2011,25/10/2012,25/10/2022,FR0011337880    ,FIXED   ,REPUBLIC FRANCE                    ,Government               ,ANNUAL              , 2.2500 ," 4,805,000,000.00 ", 3.32 ,DBFTFN,AA
FR0011486067             ,EUR,France                        ,FRANCE 1.75% 12-2023,Investm Government Bonds ,07/05/2013,25/05/2013,25/05/2023,FR0011486067    ,FIXED   ,REPUBLIC FRANCE                    ,Government               ,ANNUAL              , 1.7500 ," 4,015,000,000.00 ", 3.32 ,DBFTFN,AA
FR0011858323             ,EUR,France                        ,IDF 2.375% 14-2026,Investm Government Bonds ,24/04/2014,24/04/2015,24/04/2026,FR0011858323    ,FIXED   ,ILE DE FRANCE                      ,Government               ,ANNUAL              , 2.3750 ," 600,000,000.00 ", 34.70 ,DTFTFB,AA
FR0011962398             ,EUR,France                        ,FRANCE 1.75% 14-2024,Investm Government Bonds ,10/06/2014,25/11/2014,25/11/2024,FR0011962398    ,FIXED   ,REPUBLIC FRANCE                    ,Government               ,ANNUAL              , 1.7500 ," 10,014,000,000.00 ", 3.32 ,DBFTFN,AA
NL0009446418             ,EUR,Netherlands                   ,Nederland 3.75% 10-2042,Investm Government Bonds ,21/05/2010,15/01/2011,15/01/2042,NL0009446418    ,FIXED   ,STAAT DER NEDERLANDEN              ,Government               ,ANNUAL              , 3.7500 ," 5,200,000,000.00 ", NULL ,DBFXXN,AAA
NL0009712470             ,EUR,Netherlands                   ,Nederland 3.25% 11-2021,Investm Government Bonds ,04/03/2011,15/07/2011,15/07/2021,NL0009712470    ,FIXED   ,STAAT DER NEDERLANDEN              ,Government               ,ANNUAL              , 3.2500 ," 6,000,000,000.00 ", 10.70 ,DBFXXN,AAA
NL0010060257             ,EUR,Netherlands                   ,Nederland 2.25% 12-2022,Investm Government Bonds ,10/02/2012,15/07/2012,15/07/2022,NL0010060257    ,FIXED   ,STAAT DER NEDERLANDEN              ,Government               ,ANNUAL              , 2.2500 ," 6,025,147,000.00 ", 10.70 ,DBFXXN,AAA
NL0010514246             ,EUR,Netherlands                   ,Nederland 1.25% 13-2019,Investm Government Bonds ,28/06/2013,15/01/2014,15/01/2019,NL0010514246    ,FIXED   ,STAAT DER NEDERLANDEN              ,Government               ,ANNUAL              , 1.2500 ," 6,109,224,000.00 ", NULL ,DBFXXN,AAA
NL0010721999             ,EUR,Netherlands                   ,NEDERLAND 2.75% 14-2047,Investm Government Bonds ,21/02/2014,15/01/2015,15/01/2047,NL0010721999    ,FIXED   ,STAAT DER NEDERLANDEN              ,Government               ,ANNUAL              , 2.7500 ," 3,725,187,000.00 ", NULL ,DBFXXN,AAA
XS1062909384             ,EUR,Sweden                        ,SWEDEN 0.75% 14-2019,Investm Government Bonds ,02/05/2014,1899-12-30 00:00:00.000,02/05/2019,XS1062909384    ,FIXED   ,SWEDEN                             ,Government               ,ANNUAL              , 0.7500 ," 2,250,000,000.00 ", NULL ,DTFNFR,AAA
DE0001102366             ,EUR,Germany                       ,DBR 1.00% 14-2024,Investm Government Bonds ,12/09/2014,15/08/2015,15/08/2024,DE0001102366    ,FIXED   ,Bondsrep ber                       ,Government               ,ANNUAL              , 1.0000 ," 5,000,000,000.00 ", 12.24 ,DBFTFB,AAA
NL0010881827             ,EUR,Netherlands                   ,NEDERLAND 0.25% 14-2020,Investm Government Bonds ,29/09/2014,15/01/2015,15/01/2020,NL0010881827    ,FIXED   ,STAAT DER NEDERLANDEN              ,Government               ,ANNUAL              , 0.2500 ," 5,089,184,000.00 ", NULL ,DBFXXN,AAA
FR0012938116             ,EUR,France                        ,FRANCE 1.00% 15-2025,Investm Government Bonds ,07/09/2015,25/11/2015,25/11/2025,FR0012938116    ,FIXED   ,REPUBLIC FRANCE                    ,Government               ,ANNUAL              , 1.0000 ," 6,633,000,000.00 ", NULL ,DBFTFN,AA
FR0011225325             ,EUR,France                        ,IDF 3.625% 12-2024,Investm Government Bonds ,27/03/2012,27/03/2013,27/03/2024,FR0011225325    ,FIXED   ,ILE DE FRANCE                      ,Government               ,ANNUAL              , 3.6250 ," 350,000,000.00 ", NULL ,DTFTFB,AA
ES00000122E5             ,EUR,Spain                         ,Spain 4.65% 10-2025,Investm Government Bonds ,24/02/2010,30/07/2010,30/07/2025,ES00000122E5    ,FIXED   ,SPAIN                              ,Government               ,ANNUAL              , 4.6500 ," 20,010,655,000.00 ", NULL ,DBFTFB,BBB+
EU000A1U9910             ,EUR,Luxembourg                    ,ESM 0.10% 15-2020,Investm Government Bonds ,03/11/2015,03/11/2016,03/11/2020,EU000A1U9910    ,FIXED   ,EUROPEAN STABILITY MECHANISM       ,Government               ,ANNUAL              , 0.1000 ," 4,000,000,000.00 ", NULL ,NULL,AA+
DE0001141729             ,EUR,Germany                       ,DBR 0.25% 15 - 2020,Investm Government Bonds ,03/07/2015,16/10/2016,16/10/2020,DE0001141729    ,FIXED   ,Bondsrep ber                       ,Government               ,ANNUAL              , 0.2500 ," 16,000,000,000.00 ", 12.24 ,DBFTFB,AAA
DE0001102382             ,EUR,Germany                       ,DBR 1.00% 15-2025,Investm Government Bonds ,17/07/2015,15/08/2016,15/08/2025,DE0001102382    ,FIXED   ,Bondsrep ber                       ,Government               ,ANNUAL              , 1.0000 ," 20,000,000,000.00 ", 12.24 ,DBFTFB,AAA
AT0000A1FAP5             ,EUR,Austria                       ,AUSTRIA 1.20% 15-2025,Investm Government Bonds ,23/06/2015,20/10/2016,20/10/2025,AT0000A1FAP5    ,FIXED   ,AUSTRIA                            ,Government               ,ANNUAL              , 1.2000 ," 7,715,434,000.00 ", 3.29 ,DBFTFB,AA+
IE00B4TV0D44             ,EUR,Ireland                       ,Ireland 5.40% 09-2025,Investm Government Bonds ,13/10/2009,13/03/2010,13/03/2025,IE00B4TV0D44    ,FIXED   ,REPUBLIC IRELAND                   ,Government               ,ANNUAL              , 5.4000 ," 7,000,000,000.00 ", 5.81 ,DNFTFR,A+
DE0001102390             ,EUR,Germany                       ,DBR 0.50% 16 - 2026,Investm Government Bonds ,15/01/2016,15/02/2017,15/02/2026,DE0001102390    ,FIXED   ,Bondsrep ber                       ,Government               ,ANNUAL              , 0.5000 ," 5,000,000,000.00 ", 12.24 ,DBFTFB,AAA
BE0000337460             ,EUR,Belgium                       ,BELGIUM 1.00% 16-2026,Investm Government Bonds ,20/01/2016,22/06/2016,22/06/2026,BE0000337460    ,FIXED   ,BELGIE BRU                         ,Government               ,ANNUAL              , 1.0000 ," 5,000,000,000.00 ", 2.04 ,DBFTFR,AA-
IE00BV8C9418             ,EUR,Ireland                       ,IRELAND 1.00% 16-2026,Investm Government Bonds ,14/01/2016,15/05/2016,15/05/2026,IE00BV8C9418    ,FIXED   ,REPUBLIC IRELAND                   ,Government               ,ANNUAL              , 1.0000 ," 3,000,000,000.00 ", 5.81 ,DNVTFR,A+
AT0000A1K9C8             ,EUR,Austria                       ,AUSTRIA 0.75% 16-2026,Investm Government Bonds ,23/02/2016,20/10/2016,20/10/2026,AT0000A1K9C8    ,FIXED   ,AUSTRIA                            ,Government               ,ANNUAL              , 0.7500 ," 3,500,000,000.00 ", NULL ,DBFTFB,AA+
EU000A1U9944             ,EUR,Luxembourg                    ,ESM 0.50% 16-2026,Investm Government Bonds ,02/03/2016,02/03/2017,02/03/2026,EU000A1U9944    ,FIXED   ,EUROPEAN STABILITY MECHANISM       ,Government               ,ANNUAL              , 0.5000 ," 3,000,000,000.00 ", NULL ,DTFCFB,AAA
FR0013131877             ,EUR,France                        ,FRANCE 0.50% 16 - 2026,Investm Government Bonds ,07/03/2016,25/05/2016,25/05/2026,FR0013131877    ,FIXED   ,REPUBLIC FRANCE                    ,Government               ,ANNUAL              , 0.5000 ," 5,100,000,000.00 ", NULL ,DBFTFN,AA
NL0011819040             ,EUR,Netherlands                   ,NEDERLAND 0.50% 16-2026,Investm Government Bonds ,24/03/2016,15/07/2016,15/07/2026,NL0011819040    ,FIXED   ,STAAT DER NEDERLANDEN              ,Government               ,ANNUAL              , 0.5000 ," 5,720,051,000.00 ", NULL ,DBFXFN,AAA
EU000A1U9951             ,EUR,Luxembourg                    ,ESM 0.125% 16-2024,Investm Government Bonds ,22/04/2016,22/04/2017,22/04/2024,EU000A1U9951    ,FIXED   ,EUROPEAN STABILITY MECHANISM       ,Government               ,ANNUAL              , 0.1250 ," 3,000,000,000.00 ", NULL ,DTFCFB,AAA
FR0011461037             ,EUR,France                        ,FRANCE 3.25% 12-2045,Investm Government Bonds ,25/05/2012,25/05/2013,25/05/2045,FR0011461037    ,FIXED   ,REPUBLIC FRANCE                    ,Government               ,ANNUAL              , 3.2500 ," 17,707,000,000.00 ", NULL ,DBFTFN,AA
BE0000339482             ,EUR,Belgium                       ,BELGIUM 0.20% 16-2023,Investm Government Bonds ,06/05/2016,22/10/2016,22/10/2023,BE0000339482    ,FIXED   ,BELGIE BRU                         ,Government               ,ANNUAL              , 0.2000 ," 3,000,000,000.00 ", 2.04 ,DBFTFR,AA-
EU000A1G0DH5             ,EUR,Luxembourg                    ,EFSF 0.40% 16-2026,Investm Government Bonds ,31/05/2016,1899-12-30 00:00:00.000,31/05/2026,EU000A1G0DH5    ,FIXED   ,EFSF                               ,Government               ,ANNUAL              , 0.4000 ," 3,000,000,000.00 ", NULL ,DTFTFB,AA
FR0011993179             ,EUR,France                        ,FRANCE 0.50% 13-2019,Investm Government Bonds ,25/11/2013,25/11/2014,25/11/2019,FR0011993179    ,FIXED   ,REPUBLIC FRANCE                    ,Government               ,ANNUAL              , 0.5000 ," 13,381,000,000.00 ", NULL ,NULL,AA
FR0013183167             ,EUR,France                        ,IDF 0.50% 16-2025,Investm Government Bonds ,14/06/2016,14/06/2017,14/06/2025,FR0013183167    ,FIXED   ,ILE DE FRANCE                      ,Government               ,ANNUAL              , 0.5000 ," 650,000,000.00 ", 34.70 ,DTFUFB,AA
NL0011896857             ,EUR,Netherlands                   ,NEDERLAND 0.00% 16-2022,Investm Government Bonds ,09/06/2016,15/01/2017,15/01/2022,NL0011896857    ,FIXED   ,STAAT DER NEDERLANDEN              ,Government               ,ANNUAL              , -   ," 4,812,112,000.00 ", 10.70 ,DBZTFR,AAA
IT0005170839             ,EUR,Italy                         ,BTPS 1.60% 16-2026,Investm Government Bonds ,01/03/2016,01/06/2016,01/06/2026,IT0005170839    ,FIXED   ,ITALIE                             ,Government               ,SEMI ANNUAL         , 1.6000 ," 16,249,500,000.00 ", NULL ,DBFUFB,BBB-
DE0001102408             ,EUR,Germany                       ,DBR 0.00% 16-2026,Investm Government Bonds ,15/07/2016,15/08/2017,15/08/2026,DE0001102408    ,FIXED   ,Bondsrep ber                       ,Government               ,ANNUAL              , -   ," 5,000,000,000.00 ", 12.24 ,DBFTFB,AAA
FI4000219787             ,EUR,Finland                       ,FINLAND 0.00% 16-2023,Investm Government Bonds ,07/09/2016,15/09/2016,15/09/2023,FI4000219787    ,FIXED   ,REPUBLIC OF FINLAND                ,Government               ,ANNUAL              , -   ," 3,000,000,000.00 ", NULL ,DBZUFB,AA+
FR0013200813             ,EUR,France                        ,FRANCE 0.25% 16-2026,Investm Government Bonds ,05/09/2016,25/11/2016,25/11/2026,FR0013200813    ,FIXED   ,REPUBLIC FRANCE                    ,Government               ,ANNUAL              , 0.2500 ," 5,265,000,000.00 ", NULL ,DBFTFN,AA
FR0000571010             ,EUR,France                        ,FRANCE 0% 1992 - 2022,Investm Government Bonds ,11/05/1992,1899-12-30 00:00:00.000,25/04/2022,FR0000571010    ,FIXED   ,REPUBLIC FRANCE                    ,Government               ,ANNUAL              , -   , -   , NULL ,DBZTFN,AA
XS0506445963             ,EUR,Luxembourg                    ,LUXEMBOURG 3.375% 10-2020,Investm Government Bonds ,18/05/2010,18/05/2011,18/05/2020,XS0506445963    ,FIXED   ,LUXEMBOURG                         ,Government               ,ANNUAL              , 3.3750 ," 2,000,000,000.00 ", NULL ,DBFUFB,AAA
DE0001102416             ,EUR,Germany                       ,DBR 0.25% 17-2027,Investm Government Bonds ,13/01/2017,15/02/2018,15/02/2027,DE0001102416    ,FIXED   ,Bondsrep ber                       ,Government               ,ANNUAL              , 0.2500 ," 5,000,000,000.00 ", 12.24 ,DBFTFB,AAA
BE0000341504             ,EUR,Belgium                       ,BELGIUM 0.80% 17-2027,Investm Government Bonds ,24/01/2017,22/06/2017,22/06/2027,BE0000341504    ,FIXED   ,BELGIE BRU                         ,Government               ,ANNUAL              , 0.8000 ," 6,000,000,000.00 ", 2.04 ,DBFTFR,AA-
FR0013234333             ,EUR,France                        ,FRANCE 1.75% 17-2039,Investm Government Bonds ,31/01/2017,25/06/2017,25/06/2039,FR0013234333    ,FIXED   ,REPUBLIC FRANCE                    ,Government               ,ANNUAL              , 1.7500 ," 7,000,000,000.00 ", 3.32 ,DBFTFN,AA
LU1556942974             ,EUR,Luxembourg                    ,LUXEMBOURG 0.625% 17-2027,Investm Government Bonds ,01/02/2017,01/02/2018,01/02/2027,LU1556942974    ,FIXED   ,LUXEMBOURG                         ,Government               ,ANNUAL              , 0.6250 ," 2,000,000,000.00 ", 5.75 ,DBFUFB,AAA
NL0012171458             ,EUR,Netherlands                   ,NEDERLAND 0.75% 17-2027,Investm Government Bonds ,09/02/2017,15/07/2017,15/07/2027,NL0012171458    ,FIXED   ,STAAT DER NEDERLANDEN              ,Government               ,ANNUAL              , 0.7500 ," 5,697,926,000.00 ", 10.70 ,DBFXFN,AAA
BE0000342510             ,EUR,Belgium                       ,BELGIUM 0.50% 17-2024,Investm Government Bonds ,14/02/2017,22/10/2017,22/10/2024,BE0000342510    ,FIXED   ,BELGIE BRU                         ,Government               ,ANNUAL              , 0.5000 ," 3,000,000,000.00 ", 2.04 ,DBFTFR,AA-
DE000NRW0KB3             ,EUR,Germany                       ,NRW 0.50% 17-2027,Investm Government Bonds ,07/03/2017,16/02/2018,16/02/2027,DE000NRW0KB3    ,FIXED   ,LAND NORDRHEIN-WESTFALEN           ,Government               ,ANNUAL              , 0.5000 ," 1,825,000,000.00 ", 0.13 ,DNFTFB,AA+
EU000A1Z99B9             ,EUR,Luxembourg                    ,ESM 0.75% 17-2027,Investm Government Bonds ,14/03/2017,15/03/2018,15/03/2027,EU000A1Z99B9    ,FIXED   ,EUROPEAN STABILITY MECHANISM       ,Government               ,ANNUAL              , 0.7500 ," 3,000,000,000.00 ", NULL ,DTFCFB,AAA
EU000A18Z2D4             ,EUR,Belgium                       ,EU 0.75% 16-2031,Investm Government Bonds ,13/04/2016,04/04/2017,04/04/2031,EU000A18Z2D4    ,FIXED   ,EUROPEAN UNION                     ,Government               ,ANNUAL              , 0.7500 ," 2,260,000,000.00 ", NULL ,DNFCFB,AAA
EU000A1G0DQ6             ,EUR,Luxembourg                    ,EFSF 0.375% 17-2024,Investm Government Bonds ,11/04/2017,11/10/2017,11/10/2024,EU000A1G0DQ6    ,FIXED   ,EFSF                               ,Government               ,ANNUAL              , 0.3750 ," 4,000,000,000.00 ", NULL ,DTFTFB,AA
FR0013250560             ,EUR,France                        ,FRANCE 1.00% 17-2027,Investm Government Bonds ,10/04/2017,25/05/2017,25/05/2027,FR0013250560    ,FIXED   ,REPUBLIC FRANCE                    ,Government               ,ANNUAL              , 1.0000 ," 4,908,000,000.00 ", 3.32 ,DBFTFN,AA
AT0000A1VGK0             ,EUR,Austria                       ,AUSTRIA 0.50% 17-2027,Investm Government Bonds ,20/04/2017,20/04/2018,20/04/2027,AT0000A1VGK0    ,FIXED   ,AUSTRIA                            ,Government               ,ANNUAL              , 0.5000 ," 4,500,000,000.00 ", 3.29 ,DBFTFB,AA+
EU000A1G0DR4             ,EUR,Luxembourg                    ,EFSF 0.75% 17-2027,Investm Government Bonds ,03/05/2017,1899-12-30 00:00:00.000,03/05/2027,EU000A1G0DR4    ,FIXED   ,EFSF                               ,Government               ,ANNUAL              , 0.7500 ," 6,000,000,000.00 ", NULL ,DTFTFB,AA
EU000A1G0DT0             ,EUR,Luxembourg                    ,EFSF 1.25% 17-2033,Investm Government Bonds ,24/05/2017,24/05/2018,24/05/2033,EU000A1G0DT0    ,FIXED   ,EFSF                               ,Government               ,ANNUAL              , 1.2500 ," 6,000,000,000.00 ", NULL ,DTFTFB,AA
FI4000197959             ,EUR,Finland                       ,FINLAND 0.50% 16-2026,Investm Government Bonds ,08/03/2016,15/04/2017,15/04/2026,FI4000197959    ,FIXED   ,REPUBLIC OF FINLAND                ,Government               ,ANNUAL              , 0.5000 ," 5,000,000,000.00 ", NULL ,DBFUFB,AA+
EU000A1G0DV6             ,EUR,Luxembourg                    ,EFSF 0.50% 17-2025,Investm Government Bonds ,11/07/2017,11/07/2018,11/07/2025,EU000A1G0DV6    ,FIXED   ,EFSF                               ,Government               ,ANNUAL              , 0.5000 ," 2,500,000,000.00 ", 0.13 ,DTFTFB,AA
DE0001102424             ,EUR,Germany                       ,DBR 0.50% 17-2027,Investm Government Bonds ,14/07/2017,15/08/2018,15/08/2027,DE0001102424    ,FIXED   ,Bondsrep ber                       ,Government               ,ANNUAL              , 0.5000 ," 5,000,000,000.00 ", 12.24 ,DBFTFB,AAA
EU000A1G0DY0             ,EUR,Luxembourg                    ,EFSF 0.875% 17-2027,Investm Government Bonds ,25/07/2017,26/07/2018,26/07/2027,EU000A1G0DY0    ,FIXED   ,EFSF                               ,Government               ,ANNUAL              , 0.8750 ," 3,000,000,000.00 ", NULL ,DTFTFB,AA
FI4000278551             ,EUR,Finland                       ,"FINLAND 0,50% 17-2027",Investm Government Bonds ,06/09/2017,15/09/2018,15/09/2027,FI4000278551    ,FIXED   ,REPUBLIC OF FINLAND                ,Government               ,ANNUAL              , 0.5000 ," 3,000,000,000.00 ", NULL ,DBFUFB,AA+
FR0012993103             ,EUR,France                        ,FRANCE 1.50% 15-2031,Investm Government Bonds ,05/10/2015,25/05/2016,25/05/2031,FR0012993103    ,FIXED   ,REPUBLIC FRANCE                    ,Government               ,ANNUAL              , 1.5000 ," 33,749,000,000.00 ", NULL ,DBFTFN,AA
XS1692485912             ,EUR,Finland                       ,KUNTA 0.75% 17-2027,Investm Government Bonds ,03/10/2017,07/09/2018,07/09/2027,XS1692485912    ,FIXED   ,MUNICIPALITY FINANCE               ,Government               ,ANNUAL              , 0.7500 ," 500,000,000.00 ", NULL ,DTFNFB,AA+
FR0013286192             ,EUR,France                        ,FRANCE 0.75% 17-2028,Investm Government Bonds ,09/10/2017,25/05/2018,25/05/2028,FR0013286192    ,FIXED   ,REPUBLIC FRANCE                    ,Government               ,ANNUAL              , 0.7500 ," 3,998,000,000.00 ", NULL ,DBFTFN,AA
EU000A1G0D39             ,EUR,Luxembourg                    ,EFSF 0.125% 17-2023,Investm Government Bonds ,17/10/2017,17/10/2018,17/10/2023,EU000A1G0D39    ,FIXED   ,EFSF                               ,Government               ,ANNUAL              , 0.1250 ," 3,000,000,000.00 ", NULL ,DTFTFB,AA
NL0012650469             ,EUR,Netherlands                   ,NEDERLAND 0.00% 17-2024,Investm Government Bonds ,13/10/2017,15/01/2018,15/01/2024,NL0012650469    ,FIXED   ,STAAT DER NEDERLANDEN              ,Government               ,ANNUAL              , -   ," 6,572,277,000.00 ", NULL ,DBZTFR,AAA
IE00BDHDPR44             ,EUR,Ireland                       ,IRELAND 0.90% 18-2028,Investm Government Bonds ,10/01/2018,15/05/2018,15/05/2028,IE00BDHDPR44    ,FIXED   ,REPUBLIC IRELAND                   ,Government               ,ANNUAL              , 0.9000 ," 4,000,000,000.00 ", 5.81 ,DNFTFR,A+
EU000A1G0D62             ,EUR,Luxembourg                    ,EFSF 0.40% 18-2025,Investm Government Bonds ,17/01/2018,17/02/2019,17/02/2025,EU000A1G0D62    ,FIXED   ,EFSF                               ,Government               ,ANNUAL              , 0.4000 ," 6,000,000,000.00 ", NULL ,DTFTFB,AA
XS1756338551             ,EUR,Sweden                        ,SWEDEN 0.125% 18-2023,Investm Government Bonds ,24/01/2018,24/04/2018,24/04/2023,XS1756338551    ,FIXED   ,SWEDEN                             ,Government               ,ANNUAL              , 0.1250 ," 4,000,000,000.00 ", 6.97 ,DTFTFR,AAA
AT0000A1ZGE4             ,EUR,Austria                       ,AUSTRIA 0.75% 18-2028,Investm Government Bonds ,25/01/2018,20/02/2019,20/02/2028,AT0000A1ZGE4    ,FIXED   ,AUSTRIA                            ,Government               ,ANNUAL              , 0.7500 ," 4,000,000,000.00 ", NULL ,DBFTFB,AA+
EU000A1G0D05             ,EUR,Luxembourg                    ,EFSF 1.45% 17-2040,Investm Government Bonds ,05/09/2017,05/09/2018,05/09/2040,EU000A1G0D05    ,FIXED   ,EFSF                               ,Government               ,ANNUAL              , 1.4500 ," 2,000,000,000.00 ", NULL ,DTFTFB,AA
DE0001102440             ,EUR,Germany                       ,DBR 0.50% 18-2028,Investm Government Bonds ,12/01/2018,15/02/2019,15/02/2028,DE0001102440    ,FIXED   ,Bondsrep ber                       ,Government               ,ANNUAL              , 0.5000 ," 5,000,000,000.00 ", NULL ,DBFTFB,AAA
EU000A19VVY6             ,EUR,Belgium                       ,EU 0.50% 18-2025,Investm Government Bonds ,06/02/2018,04/04/2019,04/04/2025,EU000A19VVY6    ,FIXED   ,EUROPEAN UNION                     ,Government               ,ANNUAL              , 0.5000 ," 2,400,000,000.00 ", 0.13 ,DNFCFB,AAA
EU000A1G0D70             ,EUR,Luxembourg                    ,EFSF 0.95% 18-2028,Investm Government Bonds ,14/02/2018,14/02/2019,14/02/2028,EU000A1G0D70    ,FIXED   ,EFSF                               ,Government               ,ANNUAL              , 0.9500 ," 3,000,000,000.00 ", NULL ,DTFTFB,AA
BE0000346552             ,EUR,Belgium                       ,BELGIUM 1.25% 18-2033,Investm Government Bonds ,05/03/2018,22/04/2019,22/04/2033,BE0000346552    ,FIXED   ,BELGIE BRU                         ,Government               ,ANNUAL              , 1.2500 ," 4,500,000,000.00 ", 2.04 ,DBFTFR,AA-
NL0012818504             ,EUR,Netherlands                   ,NEDERLAND 0.75% 18-2028,Investm Government Bonds ,15/03/2018,15/07/2018,15/07/2028,NL0012818504    ,FIXED   ,STAAT DER NEDERLANDEN              ,Government               ,ANNUAL              , 0.7500 ," 5,849,941,000.00 ", 10.70 ,DBFXXN,AAA
DE0001141778             ,EUR,Germany                       ,DBR 0% 18-2023,Investm Government Bonds ,02/02/2018,14/04/2019,14/04/2023,DE0001141778    ,FIXED   ,Bondsrep ber                       ,Government               ,ANNUAL              , -   ," 14,000,000,000.00 ", NULL ,DBFTFB,AAA
BE0000345547             ,EUR,Belgium                       ,BELGIUM 0.80% 18-2028,Investm Government Bonds ,23/01/2018,22/06/2018,22/06/2028,BE0000345547    ,FIXED   ,BELGIE BRU                         ,Government               ,ANNUAL              , 0.8000 ," 8,867,000,000.00 ", 2.04 ,DBFTFR,AA-
FR0013341682             ,EUR,France                        ,FRANCE 0.75% 18-2028,Investm Government Bonds ,11/06/2018,25/11/2018,25/11/2028,FR0013341682    ,FIXED   ,REPUBLIC FRANCE                    ,Government               ,ANNUAL              , 0.7500 ," 4,105,000,000.00 ", 3.32 ,DBFTFN,AA
EU000A19XC51             ,EUR,Belgium                       ,EU 1.25% 18-2033,Investm Government Bonds ,06/03/2018,04/04/2019,04/04/2033,EU000A19XC51    ,FIXED   ,EUROPEAN UNION                     ,Government               ,ANNUAL              , 1.2500 ," 2,100,000,000.00 ", NULL ,DNFCFB,AAA
DE0001102457             ,EUR,Germany                       ,DBR 0.25% 18-2028,Investm Government Bonds ,13/07/2018,15/08/2019,15/08/2028,DE0001102457    ,FIXED   ,Bondsrep ber                       ,Government               ,ANNUAL              , 0.2500 ," 4,000,000,000.00 ", 12.24 ,DBFTFB,AAA
EU000A1Z99E3             ,EUR,Luxembourg                    ,ESM 0.10% 18-2023,Investm Government Bonds ,31/07/2018,1899-12-30 00:00:00.000,31/07/2023,EU000A1Z99E3    ,FIXED   ,EUROPEAN STABILITY MECHANISM       ,Government               ,ANNUAL              , 0.1000 ," 4,000,000,000.00 ", NULL ,DTFCFB,AAA
FI4000348727             ,EUR,Finland                       ,"FINLAND 0,50% 18-2028",Investm Government Bonds ,04/09/2018,15/09/2019,15/09/2028,FI4000348727    ,FIXED   ,REPUBLIC OF FINLAND                ,Government               ,ANNUAL              , 0.5000 ," 3,000,000,000.00 ", NULL ,DBFUFB,AA+
EU000A1Z99F0             ,EUR,Luxembourg                    ,ESM 0.75% 18-2028,Investm Government Bonds ,05/09/2018,05/09/2019,05/09/2028,EU000A1Z99F0    ,FIXED   ,EUROPEAN STABILITY MECHANISM       ,Government               ,ANNUAL              , 0.7500 ," 3,250,000,000.00 ", NULL ,DTFCFB,AAA
IE00BFZRQ242             ,EUR,Ireland                       ,IRELAND 1.35% 18-2031,Investm Government Bonds ,17/10/2018,18/03/2019,18/03/2031,IE00BFZRQ242    ,FIXED   ,REPUBLIC IRELAND                   ,Government               ,ANNUAL              , 1.3500 ," 3,000,000,000.00 ", NULL ,DNFTFR,A+
EU000A1G0EB6,EUR,Luxembourg                    ,EFSF 0.40% 19-2026,Investm Government Bonds ,14/01/2019,26/01/2020,26/01/2026,EU000A1G0EB6    ,FIXED   ,EFSF                               ,Government               ,ANNUAL              , 0.4000 ," 3,000,000,000.00 ", NULL ,DTFTFB,AA
BE0000347568,EUR,Belgium                       ,BELGIE 0.90% 19-2029,Investm Government Bonds ,15/01/2019,22/06/2019,22/06/2029,BE0000347568    ,FIXED   ,BELGIE BRU                         ,Government               ,ANNUAL              , 0.9000 ," 6,000,000,000.00 ", NULL ,DBFTFR,AA-
IE00BH3SQ895,EUR,Ireland                       ,IRELAND 1.10% 19-2029,Investm Government Bonds ,16/01/2019,15/05/2019,15/05/2029,IE00BH3SQ895    ,FIXED   ,REPUBLIC IRELAND                   ,Government               ,ANNUAL              , 1.1000 ," 4,000,000,000.00 ", NULL ,DNFTFR,A+
DE0001102465,EUR,Germany                       ,"DBR 0,25% 19-2029",Investm Government Bonds ,11/01/2019,15/02/2020,15/02/2029,DE0001102465    ,FIXED   ,Bondsrep ber                       ,Government               ,ANNUAL              , 0.2500 ," 4,000,000,000.00 ", 12.24 ,DBFTFB,AAA
FR0011883966,EUR,France                        ,FRANCE 2.50% 14-2030,Investm Government Bonds ,06/05/2014,25/05/2014,25/05/2030,FR0011883966    ,FIXED   ,REPUBLIC FRANCE                    ,Government               ,ANNUAL              , 2.5000 ," 35,119,000,000.00 ", NULL ,DBFTFN,AA
NL0013332430,EUR,Netherlands                   ,NEDERLAND 0.25% 19-2029,Investm Government Bonds ,14/02/2019,15/07/2019,15/07/2029,NL0013332430    ,FIXED   ,STAAT DER NEDERLANDEN              ,Government               ,ANNUAL              , 0.2500 ," 5,885,587,000.00 ", 10.70 ,DBFXXN,AAA
EU000A1Z99H6,EUR,Luxembourg                    ,ESM 0.50% 19-2029,Investm Government Bonds ,05/03/2019,NULL,05/03/2029,EU000A1Z99H6    ,FIXED   ,EUROPEAN STABILITY MECHANISM       ,Government               ,ANNUAL              , 0.5000 ," 2,000,000,000.00 ", NULL ,DTFCFB,AAA
DE000NRW0LN6,EUR,Germany                       ,NRW 0.25% 19-2026,Investm Government Bonds ,13/03/2019,NULL,13/03/2026,DE000NRW0LN6    ,FIXED   ,LAND NORDRHEIN-WESTFALEN           ,Government               ,ANNUAL              , 0.2500 ," 2,500,000,000.00 ", NULL ,DNFTFB,AA+
FR0013407236,EUR,France                        ,FRANCE 0.50% 19-2029,Investm Government Bonds ,11/03/2019,25/05/2019,25/05/2029,FR0013407236    ,FIXED   ,REPUBLIC FRANCE                    ,Government               ,ANNUAL              , 0.5000 ," 6,494,000,000.00 ", NULL ,DBFTFN,AA
ES0000012E51,EUR,Spain                         ,Spain 1.45% 19-2029,Investm Government Bonds ,29/01/2019,30/04/2019,30/04/2029,ES0000012E51    ,FIXED   ,SPAIN                              ,Government               ,ANNUAL              , 1.4500 ," 17,723,020,000.00 ", NULL ,DBFTFB,A-
AT0000A269M8,EUR,Austria                       ,AUSTRIA 0.50% 19-2029,Investm Government Bonds ,05/02/2019,20/02/2020,20/02/2029,AT0000A269M8    ,FIXED   ,AUSTRIA                            ,Government               ,ANNUAL              , 0.5000 ," 7,984,077,000.00 ", 3.29 ,DBFTFB,AA+
DE0001102473,EUR,Germany                       ,DBR 0.00% 19-2029,Investm Government Bonds ,12/07/2019,15/08/2020,15/08/2029,DE0001102473    ,FIXED   ,Bondsrep ber                       ,Government               ,ANNUAL              , -   ," 4,000,000,000.00 ", 12.24 ,DBFTFB,AAA
FR0013415627,EUR,France                        ,FRANCE 0.00% 19-2025,Investm Government Bonds ,24/04/2019,25/03/2020,25/03/2025,FR0013415627    ,FIXED   ,REPUBLIC FRANCE                    ,Government               ,ANNUAL              , -   ," 16,394,000,000.00 ", NULL ,DBFTFN,AA
EU000A1Z99J2,EUR,Luxembourg                    ,ESM 0.00% 19-2025,Investm Government Bonds ,29/10/2019,14/03/2020,14/03/2025,EU000A1Z99J2    ,FIXED   ,EUROPEAN STABILITY MECHANISM       ,Government               ,ANNUAL              , -   ," 3,500,000,000.00 ", 0.13 ,DTFCFB,AAA
ES0000012F43,EUR,Spain                         ,Spain 0.6% 19-2029,Investm Government Bonds ,19/06/2019,31/10/2019,31/10/2029,ES0000012F43    ,FIXED   ,SPAIN                              ,Government               ,ANNUAL              , 0.6000 ," 15,757,104,000.00 ", 4.28 ,DBFTFB,A-
LU2076841712,EUR,Luxembourg                    ,LUXEMBOURG 0% 19-2026,Investm Government Bonds ,13/11/2019,NULL,13/11/2026,LU2076841712    ,FIXED   ,LUXEMBOURG                         ,Government               ,ANNUAL              , -   ," 1,700,000,000.00 ", 5.75 ,DBZUFB,AAA
FR0013451507,EUR,France                        ,FRANCE 0.00% 19-2029,Investm Government Bonds ,07/10/2019,25/11/2019,25/11/2029,FR0013451507    ,FIXED   ,REPUBLIC FRANCE                    ,Government               ,ANNUAL              , -   ," 12,327,000,000.00 ", 3.32 ,DBFTFN,AA
DE000NRW0LZ0,EUR,Germany                       ,NRW 0.00% 19-2029,Investm Government Bonds ,26/11/2019,NULL,26/11/2029,DE000NRW0LZ0    ,FIXED   ,LAND NORDRHEIN-WESTFALEN           ,Government               ,ANNUAL              , -   ," 1,000,000,000.00 ", 0.13 ,DNFTFB,AA+
ES0000012E85,EUR,Spain                         ,Spain 0.25% 19-2024,Investm Government Bonds ,16/04/2019,30/07/2019,30/07/2024,ES0000012E85    ,FIXED   ,SPAIN                              ,Government               ,ANNUAL              , 0.2500 ," 13,278,092,000.00 ", 4.28 ,DBFTFB,A-
DE0001102499,EUR,Germany                       ,DBR 0.00% 20-2030,Investm Government Bonds ,10/01/2020,15/02/2021,15/02/2030,DE0001102499    ,FIXED   ,Bondsrep ber                       ,Government               ,ANNUAL              , -   ," 5,000,000,000.00 ", 12.24 ,DBFTFB,AAA
ES0000012A89,EUR,Spain                         ,Spain 1.45% 17-2027,Investm Government Bonds ,04/07/2017,31/10/2017,31/10/2027,ES0000012A89    ,FIXED   ,SPAIN                              ,Government               ,ANNUAL              , 1.4500 ," 22,291,070,000.00 ", 4.28 ,DBFTFB,BBB+
ES0000012F76,EUR,Spain                         ,Spain 0.5% 20-2030,Investm Government Bonds ,21/01/2020,30/04/2020,30/04/2030,ES0000012F76    ,FIXED   ,SPAIN                              ,Government               ,ANNUAL              , 0.5000 ," 10,000,000,000.00 ", NULL ,DBFTFB,BBB+
BE0000349580,EUR,Belgium                       ,BELGIE 0.10% 20-2030,Investm Government Bonds ,22/01/2020,22/06/2020,22/06/2030,BE0000349580    ,FIXED   ,BELGIE BRU                         ,Government               ,ANNUAL              , 0.1000 ," 6,000,000,000.00 ", 2.04 ,DBFTFR,AA-
AT0000A2CQD2,EUR,Austria                       ,AUSTRIA 0.00% 20-2030,Investm Government Bonds ,05/02/2020,20/02/2021,20/02/2030,AT0000A2CQD2    ,FIXED   ,AUSTRIA                            ,Government               ,ANNUAL              , -   ," 3,250,000,000.00 ", 3.29 ,DBFTFB,AA+
EU000A1Z99L8,EUR,Luxembourg                    ,ESM 0.01% 20-2030,Investm Government Bonds ,04/03/2020,NULL,04/03/2030,EU000A1Z99L8    ,FIXED   ,EUROPEAN STABILITY MECHANISM       ,Government               ,ANNUAL              , 0.0100 ," 2,000,000,000.00 ", NULL ,DTFCFB,AAA
ES0000012B39,EUR,Spain                         ,Spain 1.40% 18-2028,Investm Government Bonds ,30/01/2018,30/04/2018,30/04/2028,ES0000012B39    ,FIXED   ,SPAIN                              ,Government               ,ANNUAL              , 1.4000 ," 21,044,453,000.00 ", 4.28 ,DBFTFB,BBB+
NL0014555419,EUR,Netherlands                   ,NEDERLAND 0.0% 20-2030,Investm Government Bonds ,12/03/2020,15/07/2020,15/07/2030,NL0014555419    ,FIXED   ,STAAT DER NEDERLANDEN              ,Government               ,ANNUAL              , -   ," 5,990,462,000.00 ", 10.70 ,DBZTFR,AAA
DE000NRW0L85,EUR,Germany                       ,NRW 0.20% 20-2027,Investm Government Bonds ,31/03/2020,NULL,31/03/2027,DE000NRW0L85    ,FIXED   ,LAND NORDRHEIN-WESTFALEN           ,Government               ,ANNUAL              , 0.2000 ," 2,000,000,000.00 ", 86.39 ,DNFTFB,AA+
BE0000351602,EUR,Belgium                       ,BELGIE 0.00% 20-2027,Investm Government Bonds ,07/04/2020,22/10/2020,22/10/2027,BE0000351602    ,FIXED   ,BELGIE BRU                         ,Government               ,ANNUAL              , -   ," 8,000,000,000.00 ", NULL ,DBFTFR,AA-
BE0001796508,EUR,Belgium                       ,FLEMISH 0.375% 20-2030,Investm Government Bonds ,15/04/2020,NULL,15/04/2030,BE0001796508    ,FIXED   ,FLEMISH COMM                       ,Government               ,ANNUAL              , 0.3750 ," 1,250,000,000.00 ", 2.04 ,DNFTFR,AA
IE00BKFVC568,EUR,Ireland                       ,IRELAND 0.20% 20-2027,Investm Government Bonds ,16/04/2020,15/05/2021,15/05/2027,IE00BKFVC568    ,FIXED   ,REPUBLIC IRELAND                   ,Government               ,ANNUAL              , 0.2000 ," 6,000,000,000.00 ", NULL ,DNFTFR,A+
LU2162831981,EUR,Luxembourg                    ,LUXEMBOURG 0% 20-2030,Investm Government Bonds ,28/04/2020,NULL,28/04/2030,LU2162831981    ,FIXED   ,LUXEMBOURG                         ,Government               ,ANNUAL              , -   ," 1,000,000,000.00 ", NULL ,DBZUFB,AAA
LU2161837203,EUR,Luxembourg                    ,LUXEMBOURG 0% 20-2025,Investm Government Bonds ,28/04/2020,NULL,28/04/2025,LU2161837203    ,FIXED   ,LUXEMBOURG                         ,Government               ,ANNUAL              , -   ," 1,500,000,000.00 ", 5.75 ,DBZUFB,AAA
DE000NRW0ME3,EUR,Germany                       ,NRW 0.00% 20-2025,Investm Government Bonds ,05/05/2020,NULL,05/05/2025,DE000NRW0ME3    ,FIXED   ,LAND NORDRHEIN-WESTFALEN           ,Government               ,ANNUAL              , -   ," 2,500,000,000.00 ", 86.39 ,DNFTFB,AA+
DE0001102515,EUR,Germany                       ,DBR 0.00% 20-2035,Investm Government Bonds ,13/05/2020,15/05/2021,15/05/2035,DE0001102515    ,FIXED   ,Bondsrep ber                       ,Government               ,ANNUAL              , -   ," 7,500,000,000.00 ", 12.24 ,DBFTFB,AAA
NL0015031501,EUR,Netherlands                   ,NEDERLAND 0.0% 20-2027,Investm Government Bonds ,28/05/2020,15/01/2021,15/01/2027,NL0015031501    ,FIXED   ,STAAT DER NEDERLANDEN              ,Government               ,ANNUAL              , -   ," 4,990,000,000.00 ", 10.70 ,DBZTFR,AAA
EU000A28X702,EUR,Belgium                       ,EU 0.125% 20-2035,Investm Government Bonds ,10/06/2020,NULL,10/06/2035,EU000A28X702    ,FIXED   ,EUROPEAN UNION                     ,Government               ,ANNUAL              , 0.1250 ," 500,000,000.00 ", NULL ,DNFCFB,AAA
FR0013516549,EUR,France                        ,FRANCE 0.00% 20-2030,Investm Government Bonds ,08/06/2020,25/11/2020,25/11/2030,FR0013516549    ,FIXED   ,REPUBLIC FRANCE                    ,Government               ,ANNUAL              , -   ," 5,095,000,000.00 ", NULL ,DBFTFN,AA
IE00BKFVC899,EUR,Ireland                       ,IRELAND 0.20% 20-2030,Investm Government Bonds ,16/06/2020,18/10/2020,18/10/2030,IE00BKFVC899    ,FIXED   ,REPUBLIC IRELAND                   ,Government               ,ANNUAL              , 0.2000 ," 6,000,000,000.00 ", NULL ,DNFTFR,A+
DE0001102507,EUR,Germany                       ,DBR 0.00% 20-2030,Investm Government Bonds ,19/06/2020,15/08/2021,15/08/2030,DE0001102507    ,FIXED   ,Bondsrep ber                       ,Government               ,ANNUAL              , -   ," 5,000,000,000.00 ", 12.24 ,DBFTFB,AAA
FR0013521382,EUR,France                        ,IDF 0.10% 20-2030,Investm Government Bonds ,30/06/2020,02/07/2021,02/07/2030,FR0013521382    ,FIXED   ,ILE DE FRANCE                      ,Government               ,ANNUAL              , 0.1000 ," 550,000,000.00 ", 86.39 ,DTFNFB,AA
ES0000012G34,EUR,Spain                         ,Spain 1.25% 20-2030,Investm Government Bonds ,30/04/2020,31/10/2020,31/10/2030,ES0000012G34    ,FIXED   ,SPAIN                              ,Government               ,ANNUAL              , 1.2500 ," 21,472,535,000.00 ", NULL ,DBFTFB,BBB+
EU000A1G0EJ9,EUR,Luxembourg                    ,EFSF 0.00% 20-2025,Investm Government Bonds ,15/07/2020,15/10/2021,15/10/2025,EU000A1G0EJ9    ,FIXED   ,EFSF                               ,Government               ,ANNUAL              , -   ," 4,000,000,000.00 ", NULL ,DTFTFB,AA
ES0000012F92,EUR,Spain                         ,Spain 0.0% 20-2025,Investm Government Bonds ,25/02/2020,31/01/2021,31/01/2025,ES0000012F92    ,FIXED   ,SPAIN                              ,Government               ,ANNUAL              , -   ," 19,202,406,000.00 ", 4.28 ,DBFTFB,A-
DE0001030708,EUR,Germany                       ,DBR 0.00% 20-2030,Investm Government Bonds ,09/09/2020,15/08/2021,15/08/2030,DE0001030708    ,FIXED   ,Bondsrep ber                       ,Government               ,ANNUAL              , -   ," 6,500,000,000.00 ", 12.24 ,DBFTFB,AAA
DE0001102523,EUR,Germany                       ,DBR 0% 20-2027,Investm Government Bonds ,14/05/2020,15/11/2021,15/11/2027,DE0001102523    ,FIXED   ,Bondsrep ber                       ,Government               ,ANNUAL              , -   ," 22,000,000,000.00 ", 12.24 ,DBFTFB,AAA
BE0000335449,EUR,Belgium                       ,BELGIE 1.00% 15-2031,Investm Government Bonds ,17/02/2015,22/06/2015,22/06/2031,BE0000335449    ,FIXED   ,BELGIE BRU                         ,Government               ,ANNUAL              , 1.0000 ," 14,412,000,000.00 ", 2.04 ,DBFTFR,AA-
DE000NRW0ML8,EUR,Germany                       ,NRW 0.00% 20-2035,Investm Government Bonds ,12/10/2020,NULL,12/10/2035,DE000NRW0ML8    ,FIXED   ,LAND NORDRHEIN-WESTFALEN           ,Government               ,ANNUAL              , -   ," 2,400,000,000.00 ", NULL ,DNFTFB,AA+
EU000A1G0EK7,EUR,Luxembourg                    ,EFSF 0.00% 20-2027,Investm Government Bonds ,13/10/2020,NULL,13/10/2027,EU000A1G0EK7    ,FIXED   ,EFSF                               ,Government               ,ANNUAL              , -   ," 3,000,000,000.00 ", NULL ,DTFTFB,AA
DE000A289LD0,EUR,Germany                       ,LAND BERLIN 0.01% 20-2028,Investm Government Bonds ,26/10/2020,NULL,26/10/2028,DE000A289LD0    ,FIXED   ,LAND BERLIN                        ,Government               ,ANNUAL              , 0.0100 ," 500,000,000.00 ", NULL ,DNFTFB,AA+
EU000A1Z99M6,EUR,Luxembourg                    ,ESM 0.00% 20-2024,Investm Government Bonds ,26/10/2020,16/12/2021,16/12/2024,EU000A1Z99M6    ,FIXED   ,EUROPEAN STABILITY MECHANISM       ,Government               ,ANNUAL              , -   ," 2,000,000,000.00 ", NULL ,DTFCFB,AAA
EU000A283859,EUR,Belgium                       ,EU 0.00% 20-2030,Investm Government Bonds ,27/10/2020,04/10/2021,04/10/2030,EU000A283859    ,FIXED   ,EUROPEAN UNION                     ,Government               ,ANNUAL              , -   ," 10,000,000,000.00 ", NULL ,DNFCFB,AAA
EU000A284451,EUR,Belgium                       ,EU 0.00% 20-2025,Investm Government Bonds ,17/11/2020,04/11/2021,04/11/2025,EU000A284451    ,FIXED   ,EUROPEAN UNION                     ,Government               ,ANNUAL              , -   ," 8,000,000,000.00 ", 7.35 ,DNFCFB,AAA
EU000A284469,EUR,Belgium                       ,EU 0.30% 20-2050,Investm Government Bonds ,17/11/2020,04/11/2021,04/11/2050,EU000A284469    ,FIXED   ,EUROPEAN UNION                     ,Government               ,ANNUAL              , 0.3000 ," 6,000,000,000.00 ", 7.35 ,DNFCFB,AAA
EU000A285VM2,EUR,Belgium                       ,EU 0.0% 20-2035,Investm Government Bonds ,01/12/2020,04/07/2021,04/07/2035,EU000A285VM2    ,FIXED   ,EUROPEAN UNION                     ,Government               ,ANNUAL              , -   ," 8,500,000,000.00 ", 7.35 ,DNFCFB,AAA
IE00BMQ5JL65,EUR,Ireland                       ,IRELAND 0.00% 21-2031,Investm Government Bonds ,12/01/2021,18/10/2021,18/10/2031,IE00BMQ5JL65    ,FIXED   ,REPUBLIC IRELAND                   ,Government               ,ANNUAL              , -   ," 5,500,000,000.00 ", 5.81 ,DNZTFR,A+
DE0001102531,EUR,Germany                       ,DBR 0.00% 21-2031,Investm Government Bonds ,08/01/2021,15/02/2022,15/02/2031,DE0001102531    ,FIXED   ,Bondsrep ber                       ,Government               ,ANNUAL              , -   ," 5,000,000,000.00 ", 12.24 ,DBFTFB,AAA
FR0013480613,EUR,France                        ,FRANCE 0.75% 20-2052,Investm Government Bonds ,04/02/2020,25/05/2020,25/05/2052,FR0013480613    ,FIXED   ,REPUBLIC FRANCE                    ,Government               ,ANNUAL              , 0.7500 ," 18,736,000,000.00 ", 3.32 ,DBFTFN,AA
EU000A1G0EL5,EUR,Luxembourg                    ,EFSF 0.00% 21-2031,Investm Government Bonds ,18/01/2021,18/01/2022,20/01/2031,EU000A1G0EL5    ,FIXED   ,EFSF                               ,Government               ,ANNUAL              , -   ," 3,000,000,000.00 ", 0.13 ,DTFTFB,AA
BE0000352618,EUR,Belgium                       ,BELGIE 0.00% 21-2031,Investm Government Bonds ,19/01/2021,22/10/2021,22/10/2031,BE0000352618    ,FIXED   ,BELGIE BRU                         ,Government               ,ANNUAL              , -   ," 6,000,000,000.00 ", 2.04 ,DBFTFR,AA-
FR0013404969,EUR,France                        ,FRANCE 1.50% 19-2050,Investm Government Bonds ,26/02/2019,25/05/2019,25/05/2050,FR0013404969    ,FIXED   ,REPUBLIC FRANCE                    ,Government               ,ANNUAL              , 1.5000 ," 31,274,000,000.00 ", 3.32 ,DBFTFN,AA
ES0000012H41,EUR,Spain                         ,Spain 0.10% 21-2031,Investm Government Bonds ,20/01/2021,30/04/2021,30/04/2031,ES0000012H41    ,FIXED   ,SPAIN                              ,Government               ,ANNUAL              , 0.1000 ," 10,000,000,000.00 ", 4.28 ,DBFTFB,A-
NL0015614579,EUR,Netherlands                   ,NEDERLAND 0.00% 20-2052,Investm Government Bonds ,24/09/2020,15/01/2021,15/01/2052,NL0015614579    ,FIXED   ,STAAT DER NEDERLANDEN              ,Government               ,ANNUAL              , -   ," 7,845,724,000.00 ", 10.70 ,DBFTFR,AAA
IT0005422891,EUR,Italy                         ,BTPS 0.90% 20-2031,Investm Government Bonds ,01/10/2020,01/04/2021,01/04/2031,IT0005422891    ,FIXED   ,ITALIE                             ,Government               ,SEMI ANNUAL         , 0.9000 ," 11,626,070,000.00 ", 3.38 ,DBFUFB,BBB
EU000A287074,EUR,Belgium                       ,EU 0.00% 21-2028,Investm Government Bonds ,02/02/2021,02/06/2022,02/06/2028,EU000A287074    ,FIXED   ,EUROPEAN UNION                     ,Government               ,ANNUAL              , -   ," 10,000,000,000.00 ", NULL ,DNFCFB,AAA
AT0000A2NW83,EUR,Austria                       ,AUSTRIA 0.00% 21-2031,Investm Government Bonds ,03/02/2021,20/02/2022,20/02/2031,AT0000A2NW83    ,FIXED   ,AUSTRIA                            ,Government               ,ANNUAL              , -   ," 4,000,000,000.00 ", NULL ,DBFTFB,AA+
XS2262263622,EUR,Canada                        ,ONTARIO 0.01% 20-2030,Investm Government Bonds ,24/11/2020,25/11/2021,25/11/2030,XS2262263622    ,FIXED   ,ONTARIO PROVINCE                   ,Government               ,ANNUAL              , 0.0100 ," 2,500,000,000.00 ", NULL ,DTFNFB,AA-
IT0005419848,EUR,Italy                         ,BTPS 0.50% 20-2026,Investm Government Bonds ,01/09/2020,01/02/2021,01/02/2026,IT0005419848    ,FIXED   ,ITALIE                             ,Government               ,SEMI ANNUAL         , 0.5000 ," 18,551,000,000.00 ", 3.38 ,DBFUFB,BBB
NL00150006U0,EUR,Netherlands                   ,NEDERLAND 0.0% 21-2031,Investm Government Bonds ,11/02/2021,15/07/2021,15/07/2031,NL00150006U0    ,FIXED   ,STAAT DER NEDERLANDEN              ,Government               ,ANNUAL              , -   ," 5,989,805,000.00 ", NULL ,DBFTFR,AAA
EU000A3KM903,EUR,Belgium                       ,EU 0.20% 21-2036,Investm Government Bonds ,16/03/2021,04/06/2022,04/06/2036,EU000A3KM903    ,FIXED   ,EUROPEAN UNION                     ,Government               ,ANNUAL              , 0.2000 ," 9,000,000,000.00 ", NULL ,DNFCFB,AAA
LU2320463339,EUR,Luxembourg                    ,LUXEMBOURG 0% 21-2031,Investm Government Bonds ,24/03/2021,NULL,24/03/2031,LU2320463339    ,FIXED   ,LUXEMBOURG                         ,Government               ,ANNUAL              , -   ," 2,500,000,000.00 ", NULL ,DBZUFB,AAA
EU000A3KNYF7,EUR,Belgium                       ,EU 0.00% 21-2026,Investm Government Bonds ,30/03/2021,04/03/2022,04/03/2026,EU000A3KNYF7    ,FIXED   ,EUROPEAN UNION                     ,Government               ,ANNUAL              , -   ," 8,000,000,000.00 ", NULL ,DNFCFB,AAA
EU000A3KNYG5,EUR,Belgium                       ,EU 0.45% 21-2046,Investm Government Bonds ,30/03/2021,02/05/2022,02/05/2046,EU000A3KNYG5    ,FIXED   ,EUROPEAN UNION                     ,Government               ,ANNUAL              , 0.4500 ," 5,000,000,000.00 ", NULL ,DNFCFB,AAA
FR0014002WK3,EUR,France                        ,FRANCE 0.00% 21-2031,Investm Government Bonds ,12/04/2021,25/11/2021,25/11/2031,FR0014002WK3    ,FIXED   ,REPUBLIC FRANCE                    ,Government               ,ANNUAL              , -   ," 6,569,000,000.00 ", NULL ,DBFTFN,AA
EU000A1G0EN1,EUR,Luxembourg                    ,EFSF 0.00% 21-2026,Investm Government Bonds ,19/04/2021,20/07/2021,20/07/2026,EU000A1G0EN1    ,FIXED   ,EFSF                               ,Government               ,ANNUAL              , -   ," 4,000,000,000.00 ", NULL ,DTFTFB,AA
FR0014003067,EUR,France                        ,IDF 0.00% 21-2028,Investm Government Bonds ,20/04/2021,NULL,20/04/2028,FR0014003067    ,FIXED   ,ILE DE FRANCE                      ,Government               ,ANNUAL              , -   ," 500,000,000.00 ", NULL ,DTZUFN,AA
EU000A3KP2Z3,EUR,Belgium                       ,EU 0.25% 21-2036,Investm Government Bonds ,27/04/2021,22/04/2022,22/04/2036,EU000A3KP2Z3    ,FIXED   ,EUROPEAN UNION                     ,Government               ,ANNUAL              , 0.2500 ," 4,750,000,000.00 ", NULL ,DNFCFB,AAA
DE0001030724,EUR,Germany                       ,DBR 0.00% 21-2050,Investm Government Bonds ,18/05/2021,15/08/2021,15/08/2050,DE0001030724    ,FIXED   ,Bondsrep ber                       ,Government               ,ANNUAL              , -   ," 6,000,000,000.00 ", 12.24 ,DBFTFB,AAA
EU000A3KRJQ6,EUR,Belgium                       ,EU 0.00% 21-2029,Investm Government Bonds ,25/05/2021,04/07/2022,04/07/2029,EU000A3KRJQ6    ,FIXED   ,EUROPEAN UNION                     ,Government               ,ANNUAL              , -   ," 8,137,000,000.00 ", NULL ,DNFCFB,AAA
FR0014003OC5,EUR,France                        ,IDF MOBIL 0.40% 21-2031,Investm Government Bonds ,28/05/2021,NULL,28/05/2031,FR0014003OC5    ,FIXED   ,ILE DE FRANCE MOBILITES            ,Government               ,ANNUAL              , 0.4000 ," 500,000,000.00 ", NULL ,DTFNFB,AA
DE000NRW0MY1,EUR,Germany                       ,NRW 0.125% 21-2031,Investm Government Bonds ,04/06/2021,NULL,04/06/2031,DE000NRW0MY1    ,FIXED   ,LAND NORDRHEIN-WESTFALEN           ,Government               ,ANNUAL              , 0.1250 ," 2,000,000,000.00 ", NULL ,DNFTFB,AA+
XS2351088955,EUR,Canada                        ,ONTARIO 0.25% 21-2031,Investm Government Bonds ,09/06/2021,NULL,09/06/2031,XS2351088955    ,FIXED   ,ONTARIO PROVINCE                   ,Government               ,ANNUAL              , 0.2500 ," 1,000,000,000.00 ", NULL ,DTFNFB,AA-
EU000A3KSXE1,EUR,Belgium                       ,EU 0.00% 21-2031,Investm Government Bonds ,22/06/2021,04/07/2022,04/07/2031,EU000A3KSXE1    ,FIXED   ,EUROPEAN UNION                     ,Government               ,ANNUAL              , -   ," 20,000,000,000.00 ", NULL ,DNFCFB,AAA
DE0001102564,EUR,Germany                       ,DBR 0.00% 21-2031,Investm Government Bonds ,18/06/2021,15/08/2022,15/08/2031,DE0001102564    ,FIXED   ,Bondsrep ber                       ,Government               ,ANNUAL              , -   ," 5,000,000,000.00 ", NULL ,DBFTFB,AAA
ES0000012I32,EUR,Spain                         ,Spain 0.50% 21-2031,Investm Government Bonds ,29/06/2021,31/10/2021,31/10/2031,ES0000012I32    ,FIXED   ,SPAIN                              ,Government               ,ANNUAL              , 0.5000 ," 8,000,000,000.00 ", NULL ,DBFTFB,A-
SI0002104196,EUR,Slovenia                      ,SLOVENIA 0.125% 21-2031,Investm Government Bonds ,01/07/2021,NULL,01/07/2031,SI0002104196    ,FIXED   ,REPUBLIC OF SLOVENIA               ,Government               ,ANNUAL              , 0.1250 ," 1,000,000,000.00 ", NULL ,DBFTFR,A
EU000A3KTGV8,EUR,Belgium                       ,EU 0.00% 21-2026,Investm Government Bonds ,06/07/2021,NULL,06/07/2026,EU000A3KTGV8    ,FIXED   ,EUROPEAN UNION                     ,Government               ,ANNUAL              , -   ," 9,000,000,000.00 ", NULL ,DNFCFB,AAA
EU000A3KTGW6,EUR,Belgium                       ,EU 0.70% 21-2051,Investm Government Bonds ,06/07/2021,NULL,06/07/2051,EU000A3KTGW6    ,FIXED   ,EUROPEAN UNION                     ,Government               ,ANNUAL              , 0.7000 ," 6,000,000,000.00 ", NULL ,DNFCFB,AAA
EU000A3KT6A3,EUR,Belgium                       ,EU 0.00% 21-2031,Investm Government Bonds ,20/07/2021,22/04/2022,22/04/2031,EU000A3KT6A3    ,FIXED   ,EUROPEAN UNION                     ,Government               ,ANNUAL              , -   ," 5,250,000,000.00 ", NULL ,DNFCFB,AAA
BE6330352350,EUR,Belgium                       ,DSG Belgium 0% 21-2023,Investm Government Bonds ,08/09/2021,NULL,08/09/2023,BE6330352350    ,FIXED   ,DEUTSCHSPRACHIGE GEM BELGIENS      ,Government               ,ANNUAL              , -   ," 25,000,000.00 ", NULL ,DNZTFR,D
DE0001030732,EUR,Germany                       ,DBR 0.00% 21-2031,Investm Government Bonds ,10/09/2021,15/08/2022,15/08/2031,DE0001030732    ,FIXED   ,Bondsrep ber                       ,Government               ,ANNUAL              , -   ," 3,500,000,000.00 ", NULL ,DBFTFB,AAA
EU000A3KWCF4,EUR,Belgium                       ,EU 0.00% 21-2028,Investm Government Bonds ,21/09/2021,04/10/2022,04/10/2028,EU000A3KWCF4    ,FIXED   ,EUROPEAN UNION                     ,Government               ,ANNUAL              , -   ," 9,000,000,000.00 ", NULL ,DNFCFB,AAA
AT0000A2T198,EUR,Austria                       ,AUSTRIA 0.25% 21-2036,Investm Government Bonds ,23/09/2021,20/10/2022,20/10/2036,AT0000A2T198    ,FIXED   ,AUSTRIA                            ,Government               ,ANNUAL              , 0.2500 ," 5,000,000,000.00 ", NULL ,DBFTFB,AA+
NL0015000LS8,EUR,Netherlands                   ,NEDERLAND 0.00% 21-2029,Investm Government Bonds ,30/09/2021,15/01/2022,15/01/2029,NL0015000LS8    ,FIXED   ,STAAT DER NEDERLANDEN              ,Government               ,ANNUAL              , -   ," 4,195,000,000.00 ", NULL ,DBFTFR,AAA
ES0200002063,EUR,Spain                         ,ADIF ALTA VELOCIDAD 0.55% 21-2031,Investm Government Bonds ,08/10/2021,31/10/2022,31/10/2031,ES0200002063    ,FIXED   ,ADIF ALTA VELOCIDAD                ,Government               ,ANNUAL              , 0.5500 ," 600,000,000.00 ", NULL ,DBFUFB,BBB
EU000A3K4C42,EUR,Belgium                       ,EU 0.40% 21-2037,Investm Government Bonds ,19/10/2021,04/02/2022,04/02/2037,EU000A3K4C42    ,FIXED   ,EUROPEAN UNION                     ,Government               ,ANNUAL              , 0.4000 ," 12,000,000,000.00 ", NULL ,DNFCFB,AA
DE0001102549,EUR,Germany                       ,DBR 0.00% 21-2036,Investm Government Bonds ,05/03/2021,15/05/2022,15/05/2036,DE0001102549    ,FIXED   ,Bondsrep ber                       ,Government               ,ANNUAL              , -   ," 22,000,000,000.00 ", NULL ,DBFTFB,AAA
